contig_gene,start_gene,end_gene,notes_gene,pval.treatment,adj.pval.pop,ID,Parent,Name,Alias,AED,eAED,Note,UniprotID,Ontology_term,Dbxref
Contig10373,53,2248,ID=OLUR_00030262;Name=OLUR_00030262;Alias=maker-Contig10373-snap-gene-0.1;Note=Protein of unknown function;,0.013312147,0.045521422,ID=OLUR_00030262;,NA,Name=OLUR_00030262;,Alias=maker-Contig10373-snap-gene-0.1;,NA,NA,Note=Protein of unknown function;,NA,NA,NA
Contig109515,2799,9518,ID=OLUR_00013966;Name=OLUR_00013966;Alias=snap_masked-Contig109515-processed-gene-0.0;Note=Protein of unknown function;Dbxref=MobiDBLite:mobidb-lite;,0.001801653,0.008224937,ID=OLUR_00013966;,NA,Name=OLUR_00013966;,Alias=snap_masked-Contig109515-processed-gene-0.0;,NA,NA,Note=Protein of unknown function;,NA,NA,Dbxref=MobiDBLite:mobidb-lite;
Contig112997,3027,7370,"ID=OLUR_00021649;Name=OLUR_00021649;Alias=maker-Contig112997-snap-gene-0.2;Note=Protein of unknown function;Dbxref=Coils:Coil,MobiDBLite:mobidb-lite;",0.002909848,0.012952815,ID=OLUR_00021649;,NA,Name=OLUR_00021649;,Alias=maker-Contig112997-snap-gene-0.2;,NA,NA,Note=Protein of unknown function;,NA,NA,"Dbxref=Coils:Coil,MobiDBLite:mobidb-lite;"
Contig1460,209,24969,ID=OLUR_00007546;Name=OLUR_00007546;Alias=maker-Contig1460-snap-gene-0.2;Note=Protein of unknown function;Dbxref=MobiDBLite:mobidb-lite;,0.003224167,0.013968781,ID=OLUR_00007546;,NA,Name=OLUR_00007546;,Alias=maker-Contig1460-snap-gene-0.2;,NA,NA,Note=Protein of unknown function;,NA,NA,Dbxref=MobiDBLite:mobidb-lite;
Contig17603,57580,67665,"ID=OLUR_00000590;Name=OLUR_00000590;Alias=maker-Contig17603-snap-gene-0.6;Note=Protein of unknown function;Dbxref=Coils:Coil,MobiDBLite:mobidb-lite;",0.008994796,0.034351634,ID=OLUR_00000590;,NA,Name=OLUR_00000590;,Alias=maker-Contig17603-snap-gene-0.6;,NA,NA,Note=Protein of unknown function;,NA,NA,"Dbxref=Coils:Coil,MobiDBLite:mobidb-lite;"
Contig23065,148,5330,ID=OLUR_00027012;Name=OLUR_00027012;Alias=maker-Contig23065-snap-gene-0.3;Note=Protein of unknown function;Dbxref=MobiDBLite:mobidb-lite;,4.76E-13,1.96E-11,ID=OLUR_00027012;,NA,Name=OLUR_00027012;,Alias=maker-Contig23065-snap-gene-0.3;,NA,NA,Note=Protein of unknown function;,NA,NA,Dbxref=MobiDBLite:mobidb-lite;
Contig23718,1366,20278,ID=OLUR_00009981;Name=OLUR_00009981;Alias=snap_masked-Contig23718-processed-gene-0.2;Note=Protein of unknown function;Dbxref=MobiDBLite:mobidb-lite;,1.08E-05,1.42E-04,ID=OLUR_00009981;,NA,Name=OLUR_00009981;,Alias=snap_masked-Contig23718-processed-gene-0.2;,NA,NA,Note=Protein of unknown function;,NA,NA,Dbxref=MobiDBLite:mobidb-lite;
Contig26383,19229,22325,"ID=OLUR_00007811;Name=OLUR_00007811;Alias=maker-Contig26383-snap-gene-0.7;Note=Protein of unknown function;Dbxref=Coils:Coil,MobiDBLite:mobidb-lite;",4.21E-04,0.002466359,ID=OLUR_00007811;,NA,Name=OLUR_00007811;,Alias=maker-Contig26383-snap-gene-0.7;,NA,NA,Note=Protein of unknown function;,NA,NA,"Dbxref=Coils:Coil,MobiDBLite:mobidb-lite;"
Contig295049,1443,5614,ID=OLUR_00025362;Name=OLUR_00025362;Alias=snap_masked-Contig295049-processed-gene-0.1;Note=Protein of unknown function;,3.08E-09,5.24E-08,ID=OLUR_00025362;,NA,Name=OLUR_00025362;,Alias=snap_masked-Contig295049-processed-gene-0.1;,NA,NA,Note=Protein of unknown function;,NA,NA,NA
Contig32850,12224,16989,ID=OLUR_00012912;Name=OLUR_00012912;Alias=maker-Contig32850-snap-gene-0.9;Note=Protein of unknown function;Dbxref=Coils:Coil;,2.42E-05,2.40E-04,ID=OLUR_00012912;,NA,Name=OLUR_00012912;,Alias=maker-Contig32850-snap-gene-0.9;,NA,NA,Note=Protein of unknown function;,NA,NA,Dbxref=Coils:Coil;
Contig34342,6109,15747,ID=OLUR_00013709;Name=OLUR_00013709;Alias=maker-Contig34342-snap-gene-0.3;Note=Protein of unknown function;Dbxref=MobiDBLite:mobidb-lite;,4.38E-12,8.88E-11,ID=OLUR_00013709;,NA,Name=OLUR_00013709;,Alias=maker-Contig34342-snap-gene-0.3;,NA,NA,Note=Protein of unknown function;,NA,NA,Dbxref=MobiDBLite:mobidb-lite;
Contig34596,12571,25315,ID=OLUR_00006369;Name=OLUR_00006369;Alias=maker-Contig34596-snap-gene-0.4;Note=Protein of unknown function;Dbxref=MobiDBLite:mobidb-lite;,4.02E-06,5.52E-05,ID=OLUR_00006369;,NA,Name=OLUR_00006369;,Alias=maker-Contig34596-snap-gene-0.4;,NA,NA,Note=Protein of unknown function;,NA,NA,Dbxref=MobiDBLite:mobidb-lite;
Contig36525,331,26767,ID=OLUR_00005763;Name=OLUR_00005763;Alias=maker-Contig36525-snap-gene-0.2;Note=Protein of unknown function;Dbxref=MobiDBLite:mobidb-lite;,0.007106874,0.028765919,ID=OLUR_00005763;,NA,Name=OLUR_00005763;,Alias=maker-Contig36525-snap-gene-0.2;,NA,NA,Note=Protein of unknown function;,NA,NA,Dbxref=MobiDBLite:mobidb-lite;
Contig4078,673,8026,"ID=OLUR_00023589;Name=OLUR_00023589;Alias=maker-Contig4078-snap-gene-0.3;Note=Protein of unknown function;Dbxref=Coils:Coil,InterPro:IPR009030,InterPro:IPR011641,MobiDBLite:mobidb-lite,SMART:SM01411,SUPERFAMILY:SSF57184,SUPERFAMILY:SSF57586;",2.27E-12,4.89E-11,ID=OLUR_00023589;,NA,Name=OLUR_00023589;,Alias=maker-Contig4078-snap-gene-0.3;,NA,NA,Note=Protein of unknown function;,NA,NA,"Dbxref=Coils:Coil,InterPro:IPR009030,InterPro:IPR011641,MobiDBLite:mobidb-lite,SMART:SM01411,SUPERFAMILY:SSF57184,SUPERFAMILY:SSF57586;"
Contig42686,598,14050,"ID=OLUR_00008975;Name=OLUR_00008975;Alias=maker-Contig42686-snap-gene-0.1;Note=Protein of unknown function;Dbxref=Coils:Coil,MobiDBLite:mobidb-lite;",1.49E-05,1.63E-04,ID=OLUR_00008975;,NA,Name=OLUR_00008975;,Alias=maker-Contig42686-snap-gene-0.1;,NA,NA,Note=Protein of unknown function;,NA,NA,"Dbxref=Coils:Coil,MobiDBLite:mobidb-lite;"
Contig44633,4183,19821,"ID=OLUR_00009493;Name=OLUR_00009493;Alias=maker-Contig44633-snap-gene-0.5;Note=Protein of unknown function;Dbxref=Coils:Coil,MobiDBLite:mobidb-lite;",0.003639932,0.015581003,ID=OLUR_00009493;,NA,Name=OLUR_00009493;,Alias=maker-Contig44633-snap-gene-0.5;,NA,NA,Note=Protein of unknown function;,NA,NA,"Dbxref=Coils:Coil,MobiDBLite:mobidb-lite;"
Contig62234,575,2178,ID=OLUR_00031177;Name=OLUR_00031177;Alias=maker-Contig62234-snap-gene-0.2;Note=Protein of unknown function;,6.48E-04,0.003528155,ID=OLUR_00031177;,NA,Name=OLUR_00031177;,Alias=maker-Contig62234-snap-gene-0.2;,NA,NA,Note=Protein of unknown function;,NA,NA,NA
Contig69655,645,6766,"ID=OLUR_00023112;Name=OLUR_00023112;Alias=maker-Contig69655-snap-gene-0.2;Note=Protein of unknown function;Dbxref=Coils:Coil,Gene3D:G3DSA:3.40.50.10140,InterPro:IPR035897,MobiDBLite:mobidb-lite;",0.009813633,0.036723971,ID=OLUR_00023112;,NA,Name=OLUR_00023112;,Alias=maker-Contig69655-snap-gene-0.2;,NA,NA,Note=Protein of unknown function;,NA,NA,"Dbxref=Coils:Coil,Gene3D:G3DSA:3.40.50.10140,InterPro:IPR035897,MobiDBLite:mobidb-lite;"
Contig17968,640,16465,ID=OLUR_00012775;Name=OLUR_00012775;Alias=maker-Contig17968-snap-gene-0.2;Note=Similar to C3orf67: Uncharacterized protein C3orf67 (Homo sapiens OX%3D9606);Dbxref=MobiDBLite:mobidb-lite;,1.01E-04,9.19E-04,ID=OLUR_00012775;,NA,Name=OLUR_00012775;,Alias=maker-Contig17968-snap-gene-0.2;,NA,NA,Note=Similar to C3orf67: Uncharacterized protein C3orf67 (Homo sapiens OX%3D9606);,NA,NA,Dbxref=MobiDBLite:mobidb-lite;
Contig58063,295,1624,"ID=OLUR_00021262;Name=OLUR_00021262;Alias=snap_masked-Contig58063-processed-gene-0.0;Note=Similar to C7orf26: Uncharacterized protein C7orf26 (Homo sapiens OX%3D9606);Dbxref=InterPro:IPR027844,Pfam:PF14964;",1.06E-04,9.19E-04,ID=OLUR_00021262;,NA,Name=OLUR_00021262;,Alias=snap_masked-Contig58063-processed-gene-0.0;,NA,NA,Note=Similar to C7orf26: Uncharacterized protein C7orf26 (Homo sapiens OX%3D9606);,NA,NA,"Dbxref=InterPro:IPR027844,Pfam:PF14964;"
Contig45431,1110,12364,"ID=OLUR_00018078;Name=OLUR_00018078;Alias=maker-Contig45431-snap-gene-0.1;Note=Similar to Ccdc66: Coiled-coil domain-containing protein 66 (Mus musculus OX%3D10090);Dbxref=Coils:Coil,MobiDBLite:mobidb-lite,Pfam:PF15236;",0.002955815,0.012963464,ID=OLUR_00018078;,NA,Name=OLUR_00018078;,Alias=maker-Contig45431-snap-gene-0.1;,NA,NA,Note=Similar to Ccdc66: Coiled-coil domain-containing protein 66 (Mus musculus OX%3D10090);,Q6NS45,"Ontology_term=GO:0001917,GO:0005929,GO:0034451,GO:0005874,GO:0008017,GO:0035869,GO:0036064,GO:0005813,GO:1903564,GO:0001578,GO:0005515,GO:0005515,GO:0060271,GO:0042803,GO:0001895,GO:0005813,GO:0008017,GO:0046548,GO:0030030,GO:0042995,GO:0005929,GO:0005856,GO:0005737,GO:0042803,GO:0050908,GO:0001917,GO:0001917,GO:0005815,GO:0001750,GO:0005929,GO:0034451,GO:0030054,GO:0090543,GO:0005829;","Dbxref=Coils:Coil,MobiDBLite:mobidb-lite,Pfam:PF15236;"
Contig31171,1437,38835,"ID=OLUR_00000353;Name=OLUR_00000353;Alias=maker-Contig31171-snap-gene-0.6;Note=Similar to Crocc: Rootletin (Mus musculus OX%3D10090);Dbxref=Coils:Coil,Gene3D:G3DSA:1.20.5.340,MobiDBLite:mobidb-lite,Pfam:PF15035,SUPERFAMILY:SSF57997;",0.001287321,0.005953026,ID=OLUR_00000353;,NA,Name=OLUR_00000353;,Alias=maker-Contig31171-snap-gene-0.6;,NA,NA,Note=Similar to Crocc: Rootletin (Mus musculus OX%3D10090);,Q8CJ40,Ontology_term=,"Dbxref=Coils:Coil,Gene3D:G3DSA:1.20.5.340,MobiDBLite:mobidb-lite,Pfam:PF15035,SUPERFAMILY:SSF57997;"
Contig29419,13049,24615,ID=OLUR_00008415;Name=OLUR_00008415;Alias=maker-Contig29419-snap-gene-0.5;Note=Similar to FAM120A: Constitutive coactivator of PPAR-gamma-like protein 1 (Homo sapiens OX%3D9606);Dbxref=MobiDBLite:mobidb-lite;,2.33E-04,0.001406099,ID=OLUR_00008415;,NA,Name=OLUR_00008415;,Alias=maker-Contig29419-snap-gene-0.5;,NA,NA,Note=Similar to FAM120A: Constitutive coactivator of PPAR-gamma-like protein 1 (Homo sapiens OX%3D9606);,Q9NZB2,Ontology_term=,Dbxref=MobiDBLite:mobidb-lite;
Contig119778,929,3575,"ID=OLUR_00029135;Name=OLUR_00029135;Alias=maker-Contig119778-snap-gene-0.2;Note=Similar to ITGAM: Integrin alpha-M (Homo sapiens OX%3D9606);Dbxref=Gene3D:G3DSA:2.60.40.1510,InterPro:IPR013649,InterPro:IPR032695,Pfam:PF08441,SUPERFAMILY:SSF69179;",0.009025723,0.034351634,ID=OLUR_00029135;,NA,Name=OLUR_00029135;,Alias=maker-Contig119778-snap-gene-0.2;,NA,NA,Note=Similar to ITGAM: Integrin alpha-M (Homo sapiens OX%3D9606);,P11215,Ontology_term=,"Dbxref=Gene3D:G3DSA:2.60.40.1510,InterPro:IPR013649,InterPro:IPR032695,Pfam:PF08441,SUPERFAMILY:SSF69179;"
Contig51862,1918,18572,"ID=OLUR_00012083;Name=OLUR_00012083;Alias=maker-Contig51862-snap-gene-0.2;Note=Similar to LanA: Laminin subunit alpha (Drosophila melanogaster OX%3D7227);Dbxref=CDD:cd00055,Gene3D:G3DSA:2.10.25.10,Gene3D:G3DSA:2.170.300.10,Gene3D:G3DSA:2.60.120.1490,InterPro:IPR000742,InterPro:IPR002049,InterPro:IPR008211,InterPro:IPR038684,PRINTS:PR00011,Pfam:PF00053,Pfam:PF00055,ProSitePatterns:PS01248,ProSiteProfiles:PS50027,ProSiteProfiles:PS51117,SMART:SM00136,SMART:SM00180,SMART:SM00181,SUPERFAMILY:SSF57196;",0.001229262,0.005930359,ID=OLUR_00012083;,NA,Name=OLUR_00012083;,Alias=maker-Contig51862-snap-gene-0.2;,NA,NA,Note=Similar to LanA: Laminin subunit alpha (Drosophila melanogaster OX%3D7227);,Q00174,Ontology_term=,"Dbxref=CDD:cd00055,Gene3D:G3DSA:2.10.25.10,Gene3D:G3DSA:2.170.300.10,Gene3D:G3DSA:2.60.120.1490,InterPro:IPR000742,InterPro:IPR002049,InterPro:IPR008211,InterPro:IPR038684,PRINTS:PR00011,Pfam:PF00053,Pfam:PF00055,ProSitePatterns:PS01248,ProSiteProfiles:PS50027,ProSiteProfiles:PS51117,SMART:SM00136,SMART:SM00180,SMART:SM00181,SUPERFAMILY:SSF57196;"
Contig17101,20155,29839,"ID=OLUR_00004217;Name=OLUR_00004217;Alias=snap_masked-Contig17101-processed-gene-0.3;Note=Similar to MUC5B: Mucin-5B (Homo sapiens OX%3D9606);Dbxref=Gene3D:G3DSA:2.60.120.260,InterPro:IPR000421,InterPro:IPR008979,InterPro:IPR025155,MobiDBLite:mobidb-lite,Pfam:PF13330,ProSitePatterns:PS01286,SUPERFAMILY:SSF49785;",0.007016403,0.028765919,ID=OLUR_00004217;,NA,Name=OLUR_00004217;,Alias=snap_masked-Contig17101-processed-gene-0.3;,NA,NA,Note=Similar to MUC5B: Mucin-5B (Homo sapiens OX%3D9606);,Q9HC84,Ontology_term=,"Dbxref=Gene3D:G3DSA:2.60.120.260,InterPro:IPR000421,InterPro:IPR008979,InterPro:IPR025155,MobiDBLite:mobidb-lite,Pfam:PF13330,ProSitePatterns:PS01286,SUPERFAMILY:SSF49785;"
Contig35176,3383,34646,"ID=OLUR_00002620;Name=OLUR_00002620;Alias=maker-Contig35176-snap-gene-0.7;Note=Similar to tenm3: Teneurin-3 (Danio rerio OX%3D7955);Dbxref=CDD:cd00054,CDD:cd00055,Gene3D:G3DSA:2.10.25.10,Gene3D:G3DSA:2.120.10.30,Gene3D:G3DSA:2.60.120.260,InterPro:IPR000742,InterPro:IPR008979,InterPro:IPR011042,InterPro:IPR013032,InterPro:IPR013111,Pfam:PF00008,Pfam:PF07974,ProSitePatterns:PS00022,ProSitePatterns:PS01186,ProSiteProfiles:PS50026,SMART:SM00181,SUPERFAMILY:SSF63825;",1.05E-04,9.19E-04,ID=OLUR_00002620;,NA,Name=OLUR_00002620;,Alias=maker-Contig35176-snap-gene-0.7;,NA,NA,Note=Similar to tenm3: Teneurin-3 (Danio rerio OX%3D7955);,Q9W7R4,Ontology_term=,"Dbxref=CDD:cd00054,CDD:cd00055,Gene3D:G3DSA:2.10.25.10,Gene3D:G3DSA:2.120.10.30,Gene3D:G3DSA:2.60.120.260,InterPro:IPR000742,InterPro:IPR008979,InterPro:IPR011042,InterPro:IPR013032,InterPro:IPR013111,Pfam:PF00008,Pfam:PF07974,ProSitePatterns:PS00022,ProSitePatterns:PS01186,ProSiteProfiles:PS50026,SMART:SM00181,SUPERFAMILY:SSF63825;"
Contig27574,26241,34250,ID=OLUR_00004350;Name=OLUR_00004350;Alias=maker-Contig27574-snap-gene-0.4;Note=Similar to UPF0577 protein KIAA1324-like homolog (Mus musculus OX%3D10090);Dbxref=MobiDBLite:mobidb-lite;,0.011497724,0.041884566,ID=OLUR_00004350;,NA,Name=OLUR_00004350;,Alias=maker-Contig27574-snap-gene-0.4;,NA,NA,Note=Similar to UPF0577 protein KIAA1324-like homolog (Mus musculus OX%3D10090);,Q3UZV7,Ontology_term=,Dbxref=MobiDBLite:mobidb-lite;
Contig132,34181,65230,"ID=OLUR_00000728;Name=OLUR_00000728;Alias=maker-Contig132-snap-gene-0.13;Note=Similar to TDRD12: Putative ATP-dependent RNA helicase TDRD12 (Homo sapiens OX%3D9606);Dbxref=CDD:cd04508,Gene3D:G3DSA:2.30.30.140,Gene3D:G3DSA:2.40.50.90,Gene3D:G3DSA:3.40.50.300,InterPro:IPR000571,InterPro:IPR002999,InterPro:IPR011545,InterPro:IPR014001,InterPro:IPR027417,InterPro:IPR035437,Pfam:PF00270,Pfam:PF00567,ProSiteProfiles:PS50103,ProSiteProfiles:PS50304,ProSiteProfiles:PS51192,SMART:SM00333,SMART:SM00487,SUPERFAMILY:SSF52540,SUPERFAMILY:SSF63748;Ontology_term=GO:0003676,GO:0005524,GO:0046872;",0.002416213,0.010891265,ID=OLUR_00000728;,NA,Name=OLUR_00000728;,Alias=maker-Contig132-snap-gene-0.13;,NA,NA,Note=Similar to TDRD12: Putative ATP-dependent RNA helicase TDRD12 (Homo sapiens OX%3D9606);,Q587J7,"Ontology_term=GO:0003676,GO:0005524,GO:0046872;","Dbxref=CDD:cd04508,Gene3D:G3DSA:2.30.30.140,Gene3D:G3DSA:2.40.50.90,Gene3D:G3DSA:3.40.50.300,InterPro:IPR000571,InterPro:IPR002999,InterPro:IPR011545,InterPro:IPR014001,InterPro:IPR027417,InterPro:IPR035437,Pfam:PF00270,Pfam:PF00567,ProSiteProfiles:PS50103,ProSiteProfiles:PS50304,ProSiteProfiles:PS51192,SMART:SM00333,SMART:SM00487,SUPERFAMILY:SSF52540,SUPERFAMILY:SSF63748;"
Contig22489,1743,11993,"ID=OLUR_00013293;Name=OLUR_00013293;Alias=maker-Contig22489-snap-gene-0.5;Note=Similar to Glis3: Zinc finger protein GLIS3 (Mus musculus OX%3D10090);Dbxref=Gene3D:G3DSA:3.30.160.60,InterPro:IPR013087,InterPro:IPR036236,MobiDBLite:mobidb-lite,Pfam:PF00096,ProSitePatterns:PS00028,ProSiteProfiles:PS50157,SMART:SM00355,SUPERFAMILY:SSF57667;Ontology_term=GO:0003676;",2.49E-18,3.42E-16,ID=OLUR_00013293;,NA,Name=OLUR_00013293;,Alias=maker-Contig22489-snap-gene-0.5;,NA,NA,Note=Similar to Glis3: Zinc finger protein GLIS3 (Mus musculus OX%3D10090);,Q6XP49,Ontology_term=GO:0003676;,"Dbxref=Gene3D:G3DSA:3.30.160.60,InterPro:IPR013087,InterPro:IPR036236,MobiDBLite:mobidb-lite,Pfam:PF00096,ProSitePatterns:PS00028,ProSiteProfiles:PS50157,SMART:SM00355,SUPERFAMILY:SSF57667;"
Contig71473,875,13421,"ID=OLUR_00011144;Name=OLUR_00011144;Alias=maker-Contig71473-snap-gene-0.4;Note=Similar to Znf260: Zinc finger protein 260 (Mus musculus OX%3D10090);Dbxref=Gene3D:G3DSA:3.30.160.60,InterPro:IPR013087,InterPro:IPR036236,MobiDBLite:mobidb-lite,Pfam:PF00096,ProSitePatterns:PS00028,ProSiteProfiles:PS50157,SMART:SM00355,SUPERFAMILY:SSF57667;Ontology_term=GO:0003676;",2.16E-10,4.06E-09,ID=OLUR_00011144;,NA,Name=OLUR_00011144;,Alias=maker-Contig71473-snap-gene-0.4;,NA,NA,Note=Similar to Znf260: Zinc finger protein 260 (Mus musculus OX%3D10090);,Q62513,Ontology_term=GO:0003676;,"Dbxref=Gene3D:G3DSA:3.30.160.60,InterPro:IPR013087,InterPro:IPR036236,MobiDBLite:mobidb-lite,Pfam:PF00096,ProSitePatterns:PS00028,ProSiteProfiles:PS50157,SMART:SM00355,SUPERFAMILY:SSF57667;"
Contig28854,3092,12154,"ID=OLUR_00005775;Name=OLUR_00005775;Alias=maker-Contig28854-snap-gene-0.4;Note=Similar to ZNF609: Zinc finger protein 609 (Homo sapiens OX%3D9606);Dbxref=InterPro:IPR013087,MobiDBLite:mobidb-lite,ProSitePatterns:PS00028,ProSiteProfiles:PS50157;Ontology_term=GO:0003676;",6.39E-04,0.003528155,ID=OLUR_00005775;,NA,Name=OLUR_00005775;,Alias=maker-Contig28854-snap-gene-0.4;,NA,NA,Note=Similar to ZNF609: Zinc finger protein 609 (Homo sapiens OX%3D9606);,Q8BZ47,Ontology_term=GO:0003676;,"Dbxref=InterPro:IPR013087,MobiDBLite:mobidb-lite,ProSitePatterns:PS00028,ProSiteProfiles:PS50157;"
Contig50949,10772,18880,"ID=OLUR_00006458;Name=OLUR_00006458;Alias=maker-Contig50949-snap-gene-0.4;Note=Similar to ERCC1: DNA excision repair protein ERCC-1 (Bos taurus OX%3D9913);Dbxref=Gene3D:G3DSA:1.10.150.20,Gene3D:G3DSA:2.30.30.30,Gene3D:G3DSA:2.40.50.140,Gene3D:G3DSA:3.40.50.10130,InterPro:IPR002171,InterPro:IPR004579,InterPro:IPR008991,InterPro:IPR010994,InterPro:IPR011335,InterPro:IPR012340,InterPro:IPR014722,InterPro:IPR022666,InterPro:IPR022669,MobiDBLite:mobidb-lite,Pfam:PF00181,Pfam:PF03834,Pfam:PF03947,ProDom:PD013585,SMART:SM01382,SMART:SM01383,SUPERFAMILY:SSF47781,SUPERFAMILY:SSF50104,SUPERFAMILY:SSF50249,SUPERFAMILY:SSF52980,TIGRFAM:TIGR00597;Ontology_term=GO:0003684,GO:0003735,GO:0004519,GO:0005622,GO:0005634,GO:0005840,GO:0006281,GO:0006412;",5.79E-04,0.003270856,ID=OLUR_00006458;,NA,Name=OLUR_00006458;,Alias=maker-Contig50949-snap-gene-0.4;,NA,NA,Note=Similar to ERCC1: DNA excision repair protein ERCC-1 (Bos taurus OX%3D9913);,Q1LZ75,"Ontology_term=GO:0003684,GO:0003735,GO:0004519,GO:0005622,GO:0005634,GO:0005840,GO:0006281,GO:0006412;","Dbxref=Gene3D:G3DSA:1.10.150.20,Gene3D:G3DSA:2.30.30.30,Gene3D:G3DSA:2.40.50.140,Gene3D:G3DSA:3.40.50.10130,InterPro:IPR002171,InterPro:IPR004579,InterPro:IPR008991,InterPro:IPR010994,InterPro:IPR011335,InterPro:IPR012340,InterPro:IPR014722,InterPro:IPR022666,InterPro:IPR022669,MobiDBLite:mobidb-lite,Pfam:PF00181,Pfam:PF03834,Pfam:PF03947,ProDom:PD013585,SMART:SM01382,SMART:SM01383,SUPERFAMILY:SSF47781,SUPERFAMILY:SSF50104,SUPERFAMILY:SSF50249,SUPERFAMILY:SSF52980,TIGRFAM:TIGR00597;"
Contig49601,6679,27351,"ID=OLUR_00006414;Name=OLUR_00006414;Alias=maker-Contig49601-snap-gene-0.4;Note=Similar to CAD: CAD protein (Squalus acanthias OX%3D7797);Dbxref=CDD:cd01316,CDD:cd01423,Gene3D:G3DSA:1.10.1030.10,Gene3D:G3DSA:3.20.20.140,Gene3D:G3DSA:3.30.1490.20,Gene3D:G3DSA:3.30.470.20,Gene3D:G3DSA:3.40.50.1370,Gene3D:G3DSA:3.40.50.1380,Gene3D:G3DSA:3.40.50.20,InterPro:IPR002082,InterPro:IPR002195,InterPro:IPR005479,InterPro:IPR005480,InterPro:IPR005483,InterPro:IPR006130,InterPro:IPR006131,InterPro:IPR006132,InterPro:IPR006275,InterPro:IPR006680,InterPro:IPR011059,InterPro:IPR011607,InterPro:IPR011761,InterPro:IPR013815,InterPro:IPR016185,InterPro:IPR032466,InterPro:IPR036897,InterPro:IPR036901,InterPro:IPR036914,MobiDBLite:mobidb-lite,PRINTS:PR00098,PRINTS:PR00100,PRINTS:PR00101,Pfam:PF00185,Pfam:PF01979,Pfam:PF02142,Pfam:PF02729,Pfam:PF02786,Pfam:PF02787,ProSitePatterns:PS00097,ProSitePatterns:PS00482,ProSitePatterns:PS00483,ProSitePatterns:PS00866,ProSitePatterns:PS00867,ProSiteProfiles:PS50975,SMART:SM00851,SMART:SM01096,SUPERFAMILY:SSF48108,SUPERFAMILY:SSF51338,SUPERFAMILY:SSF51556,SUPERFAMILY:SSF52335,SUPERFAMILY:SSF52440,SUPERFAMILY:SSF53671,SUPERFAMILY:SSF56059,TIGRFAM:TIGR00670,TIGRFAM:TIGR01369;Ontology_term=GO:0004070,GO:0005524,GO:0006207,GO:0006520,GO:0006807,GO:0016597,GO:0016743,GO:0016787,GO:0016810,GO:0016812,GO:0046872;",0.001070158,0.005291503,ID=OLUR_00006414;,NA,Name=OLUR_00006414;,Alias=maker-Contig49601-snap-gene-0.4;,NA,NA,Note=Similar to CAD: CAD protein (Squalus acanthias OX%3D7797);,Q91437,"Ontology_term=GO:0004070,GO:0005524,GO:0006207,GO:0006520,GO:0006807,GO:0016597,GO:0016743,GO:0016787,GO:0016810,GO:0016812,GO:0046872;","Dbxref=CDD:cd01316,CDD:cd01423,Gene3D:G3DSA:1.10.1030.10,Gene3D:G3DSA:3.20.20.140,Gene3D:G3DSA:3.30.1490.20,Gene3D:G3DSA:3.30.470.20,Gene3D:G3DSA:3.40.50.1370,Gene3D:G3DSA:3.40.50.1380,Gene3D:G3DSA:3.40.50.20,InterPro:IPR002082,InterPro:IPR002195,InterPro:IPR005479,InterPro:IPR005480,InterPro:IPR005483,InterPro:IPR006130,InterPro:IPR006131,InterPro:IPR006132,InterPro:IPR006275,InterPro:IPR006680,InterPro:IPR011059,InterPro:IPR011607,InterPro:IPR011761,InterPro:IPR013815,InterPro:IPR016185,InterPro:IPR032466,InterPro:IPR036897,InterPro:IPR036901,InterPro:IPR036914,MobiDBLite:mobidb-lite,PRINTS:PR00098,PRINTS:PR00100,PRINTS:PR00101,Pfam:PF00185,Pfam:PF01979,Pfam:PF02142,Pfam:PF02729,Pfam:PF02786,Pfam:PF02787,ProSitePatterns:PS00097,ProSitePatterns:PS00482,ProSitePatterns:PS00483,ProSitePatterns:PS00866,ProSitePatterns:PS00867,ProSiteProfiles:PS50975,SMART:SM00851,SMART:SM01096,SUPERFAMILY:SSF48108,SUPERFAMILY:SSF51338,SUPERFAMILY:SSF51556,SUPERFAMILY:SSF52335,SUPERFAMILY:SSF52440,SUPERFAMILY:SSF53671,SUPERFAMILY:SSF56059,TIGRFAM:TIGR00670,TIGRFAM:TIGR01369;"
Contig21345,559,6595,"ID=OLUR_00021266;Name=OLUR_00021266;Alias=maker-Contig21345-snap-gene-0.2;Note=Similar to Epha2: Ephrin type-A receptor 2 (Mus musculus OX%3D10090);Dbxref=Gene3D:G3DSA:1.10.510.10,InterPro:IPR000719,InterPro:IPR001245,InterPro:IPR011009,Pfam:PF07714,ProSiteProfiles:PS50011,SUPERFAMILY:SSF56112;Ontology_term=GO:0004672,GO:0005524,GO:0006468;",1.50E-05,1.63E-04,ID=OLUR_00021266;,NA,Name=OLUR_00021266;,Alias=maker-Contig21345-snap-gene-0.2;,NA,NA,Note=Similar to Epha2: Ephrin type-A receptor 2 (Mus musculus OX%3D10090);,Q03145,"Ontology_term=GO:0004672,GO:0005524,GO:0006468;","Dbxref=Gene3D:G3DSA:1.10.510.10,InterPro:IPR000719,InterPro:IPR001245,InterPro:IPR011009,Pfam:PF07714,ProSiteProfiles:PS50011,SUPERFAMILY:SSF56112;"
Contig32566,11055,41407,"ID=OLUR_00002795;Name=OLUR_00002795;Alias=maker-Contig32566-snap-gene-0.7;Note=Similar to HECTD1: E3 ubiquitin-protein ligase HECTD1 (Homo sapiens OX%3D9606);Dbxref=CDD:cd00204,Coils:Coil,Gene3D:G3DSA:1.25.40.20,Gene3D:G3DSA:2.30.30.920,Gene3D:G3DSA:2.60.120.260,InterPro:IPR002110,InterPro:IPR008979,InterPro:IPR010606,InterPro:IPR012919,InterPro:IPR020683,InterPro:IPR036770,InterPro:IPR037252,MobiDBLite:mobidb-lite,Pfam:PF06701,Pfam:PF07738,Pfam:PF13857,ProSiteProfiles:PS50088,ProSiteProfiles:PS50297,ProSiteProfiles:PS51416,SMART:SM00248,SUPERFAMILY:SSF159034,SUPERFAMILY:SSF48403,SUPERFAMILY:SSF49785;Ontology_term=GO:0004842,GO:0005515,GO:0016567,GO:0046872;",0.009991229,0.036847817,ID=OLUR_00002795;,NA,Name=OLUR_00002795;,Alias=maker-Contig32566-snap-gene-0.7;,NA,NA,Note=Similar to HECTD1: E3 ubiquitin-protein ligase HECTD1 (Homo sapiens OX%3D9606);,Q9ULT8,"Ontology_term=GO:0004842,GO:0005515,GO:0016567,GO:0046872;","Dbxref=CDD:cd00204,Coils:Coil,Gene3D:G3DSA:1.25.40.20,Gene3D:G3DSA:2.30.30.920,Gene3D:G3DSA:2.60.120.260,InterPro:IPR002110,InterPro:IPR008979,InterPro:IPR010606,InterPro:IPR012919,InterPro:IPR020683,InterPro:IPR036770,InterPro:IPR037252,MobiDBLite:mobidb-lite,Pfam:PF06701,Pfam:PF07738,Pfam:PF13857,ProSiteProfiles:PS50088,ProSiteProfiles:PS50297,ProSiteProfiles:PS51416,SMART:SM00248,SUPERFAMILY:SSF159034,SUPERFAMILY:SSF48403,SUPERFAMILY:SSF49785;"
Contig21716,10976,25444,"ID=OLUR_00002162;Name=OLUR_00002162;Alias=snap_masked-Contig21716-processed-gene-0.4;Note=Similar to PRSS12: Neurotrypsin (Gorilla gorilla gorilla OX%3D9595);Dbxref=Coils:Coil,Gene3D:G3DSA:3.10.250.10,InterPro:IPR001190,InterPro:IPR017448,InterPro:IPR019321,InterPro:IPR036772,PRINTS:PR00258,Pfam:PF00530,Pfam:PF10168,ProSiteProfiles:PS50287,SMART:SM00202,SUPERFAMILY:SSF56487;Ontology_term=GO:0005044,GO:0016020;",2.95E-06,4.28E-05,ID=OLUR_00002162;,NA,Name=OLUR_00002162;,Alias=snap_masked-Contig21716-processed-gene-0.4;,NA,NA,Note=Similar to PRSS12: Neurotrypsin (Gorilla gorilla gorilla OX%3D9595);,Q5G270,"Ontology_term=GO:0005044,GO:0016020;","Dbxref=Coils:Coil,Gene3D:G3DSA:3.10.250.10,InterPro:IPR001190,InterPro:IPR017448,InterPro:IPR019321,InterPro:IPR036772,PRINTS:PR00258,Pfam:PF00530,Pfam:PF10168,ProSiteProfiles:PS50287,SMART:SM00202,SUPERFAMILY:SSF56487;"
Contig75642,12741,13758,"ID=OLUR_00016539;Name=OLUR_00016539;Alias=snap_masked-Contig75642-processed-gene-0.0;Note=Similar to PRSS12: Neurotrypsin (Gorilla gorilla gorilla OX%3D9595);Dbxref=Gene3D:G3DSA:3.10.250.10,InterPro:IPR001190,InterPro:IPR017448,InterPro:IPR036772,PRINTS:PR00258,Pfam:PF00530,ProSiteProfiles:PS50287,SMART:SM00202,SUPERFAMILY:SSF56487;Ontology_term=GO:0005044,GO:0016020;",0.007489789,0.029775666,ID=OLUR_00016539;,NA,Name=OLUR_00016539;,Alias=snap_masked-Contig75642-processed-gene-0.0;,NA,NA,Note=Similar to PRSS12: Neurotrypsin (Gorilla gorilla gorilla OX%3D9595);,Q5G270,"Ontology_term=GO:0005044,GO:0016020;","Dbxref=Gene3D:G3DSA:3.10.250.10,InterPro:IPR001190,InterPro:IPR017448,InterPro:IPR036772,PRINTS:PR00258,Pfam:PF00530,ProSiteProfiles:PS50287,SMART:SM00202,SUPERFAMILY:SSF56487;"
Contig855,4896,16242,"ID=OLUR_00011399;Name=OLUR_00011399;Alias=maker-Contig855-snap-gene-0.1;Note=Similar to FBN1: Fibrillin-1 (Homo sapiens OX%3D9606);Dbxref=CDD:cd00054,Gene3D:G3DSA:2.10.25.10,InterPro:IPR000152,InterPro:IPR000742,InterPro:IPR001881,InterPro:IPR009030,InterPro:IPR018097,Pfam:PF07645,ProSitePatterns:PS00010,ProSitePatterns:PS01187,ProSiteProfiles:PS50026,SMART:SM00179,SMART:SM00181,SUPERFAMILY:SSF57184;Ontology_term=GO:0005509;",0.013281152,0.045521422,ID=OLUR_00011399;,NA,Name=OLUR_00011399;,Alias=maker-Contig855-snap-gene-0.1;,NA,NA,Note=Similar to FBN1: Fibrillin-1 (Homo sapiens OX%3D9606);,P35555,Ontology_term=GO:0005509;,"Dbxref=CDD:cd00054,Gene3D:G3DSA:2.10.25.10,InterPro:IPR000152,InterPro:IPR000742,InterPro:IPR001881,InterPro:IPR009030,InterPro:IPR018097,Pfam:PF07645,ProSitePatterns:PS00010,ProSitePatterns:PS01187,ProSiteProfiles:PS50026,SMART:SM00179,SMART:SM00181,SUPERFAMILY:SSF57184;"
Contig16850,69,1824,"ID=OLUR_00031476;Name=OLUR_00031476;Alias=maker-Contig16850-snap-gene-0.2;Note=Similar to MAM and LDL-receptor class A domain-containing protein 1 (Fragment) (Acropora millepora OX%3D45264);Dbxref=CDD:cd00112,CDD:cd06263,Gene3D:G3DSA:2.60.120.200,Gene3D:G3DSA:4.10.400.10,InterPro:IPR000998,InterPro:IPR002172,InterPro:IPR013320,InterPro:IPR036055,MobiDBLite:mobidb-lite,Pfam:PF00629,ProSiteProfiles:PS50060,ProSiteProfiles:PS50068,SMART:SM00137,SMART:SM00192,SUPERFAMILY:SSF49899,SUPERFAMILY:SSF57424;Ontology_term=GO:0005515,GO:0016020;",1.67E-04,0.001032337,ID=OLUR_00031476;,NA,Name=OLUR_00031476;,Alias=maker-Contig16850-snap-gene-0.2;,NA,NA,Note=Similar to MAM and LDL-receptor class A domain-containing protein 1 (Fragment) (Acropora millepora OX%3D45264);,B3EWZ5,"Ontology_term=GO:0005515,GO:0016020;","Dbxref=CDD:cd00112,CDD:cd06263,Gene3D:G3DSA:2.60.120.200,Gene3D:G3DSA:4.10.400.10,InterPro:IPR000998,InterPro:IPR002172,InterPro:IPR013320,InterPro:IPR036055,MobiDBLite:mobidb-lite,Pfam:PF00629,ProSiteProfiles:PS50060,ProSiteProfiles:PS50068,SMART:SM00137,SMART:SM00192,SUPERFAMILY:SSF49899,SUPERFAMILY:SSF57424;"
Contig16846,491,8347,"ID=OLUR_00023183;Name=OLUR_00023183;Alias=maker-Contig16846-snap-gene-0.2;Note=Similar to MAM and LDL-receptor class A domain-containing protein 2 (Fragment) (Acropora millepora OX%3D45264);Dbxref=CDD:cd00112,CDD:cd06263,Gene3D:G3DSA:2.60.120.200,Gene3D:G3DSA:4.10.400.10,InterPro:IPR000998,InterPro:IPR002172,InterPro:IPR013320,InterPro:IPR023415,InterPro:IPR036055,MobiDBLite:mobidb-lite,PRINTS:PR00261,Pfam:PF00057,Pfam:PF00629,ProSitePatterns:PS01209,ProSiteProfiles:PS50060,ProSiteProfiles:PS50068,SMART:SM00137,SMART:SM00192,SUPERFAMILY:SSF49899,SUPERFAMILY:SSF57424;Ontology_term=GO:0005515,GO:0016020;",1.34E-04,9.47E-04,ID=OLUR_00023183;,NA,Name=OLUR_00023183;,Alias=maker-Contig16846-snap-gene-0.2;,NA,NA,Note=Similar to MAM and LDL-receptor class A domain-containing protein 2 (Fragment) (Acropora millepora OX%3D45264);,B3EWZ6,"Ontology_term=GO:0005515,GO:0016020;","Dbxref=CDD:cd00112,CDD:cd06263,Gene3D:G3DSA:2.60.120.200,Gene3D:G3DSA:4.10.400.10,InterPro:IPR000998,InterPro:IPR002172,InterPro:IPR013320,InterPro:IPR023415,InterPro:IPR036055,MobiDBLite:mobidb-lite,PRINTS:PR00261,Pfam:PF00057,Pfam:PF00629,ProSitePatterns:PS01209,ProSiteProfiles:PS50060,ProSiteProfiles:PS50068,SMART:SM00137,SMART:SM00192,SUPERFAMILY:SSF49899,SUPERFAMILY:SSF57424;"
Contig16849,9680,12307,"ID=OLUR_00018280;Name=OLUR_00018280;Alias=maker-Contig16849-snap-gene-0.5;Note=Similar to MAM and LDL-receptor class A domain-containing protein 2 (Fragment) (Acropora millepora OX%3D45264);Dbxref=CDD:cd00112,CDD:cd06263,Gene3D:G3DSA:2.60.120.200,Gene3D:G3DSA:4.10.400.10,InterPro:IPR000998,InterPro:IPR002172,InterPro:IPR013320,InterPro:IPR036055,MobiDBLite:mobidb-lite,PRINTS:PR00020,PRINTS:PR00261,Pfam:PF00057,Pfam:PF00629,ProSiteProfiles:PS50060,ProSiteProfiles:PS50068,SMART:SM00137,SMART:SM00192,SUPERFAMILY:SSF49899,SUPERFAMILY:SSF57424;Ontology_term=GO:0005515,GO:0016020;",5.37E-13,1.96E-11,ID=OLUR_00018280;,NA,Name=OLUR_00018280;,Alias=maker-Contig16849-snap-gene-0.5;,NA,NA,Note=Similar to MAM and LDL-receptor class A domain-containing protein 2 (Fragment) (Acropora millepora OX%3D45264);,B3EWZ6,"Ontology_term=GO:0005515,GO:0016020;","Dbxref=CDD:cd00112,CDD:cd06263,Gene3D:G3DSA:2.60.120.200,Gene3D:G3DSA:4.10.400.10,InterPro:IPR000998,InterPro:IPR002172,InterPro:IPR013320,InterPro:IPR036055,MobiDBLite:mobidb-lite,PRINTS:PR00020,PRINTS:PR00261,Pfam:PF00057,Pfam:PF00629,ProSiteProfiles:PS50060,ProSiteProfiles:PS50068,SMART:SM00137,SMART:SM00192,SUPERFAMILY:SSF49899,SUPERFAMILY:SSF57424;"
Contig66008,387,7815,"ID=OLUR_00023646;Name=OLUR_00023646;Alias=maker-Contig66008-snap-gene-0.1;Note=Similar to Gabpb1: GA-binding protein subunit beta-1 (Mus musculus OX%3D10090);Dbxref=CDD:cd00204,Coils:Coil,InterPro:IPR002110,InterPro:IPR020683,InterPro:IPR036770,MobiDBLite:mobidb-lite,PRINTS:PR01415,Pfam:PF00023,Pfam:PF12796,ProSiteProfiles:PS50088,ProSiteProfiles:PS50297,SMART:SM00248,SUPERFAMILY:SSF48403;Ontology_term=GO:0005515;",5.16E-04,0.002973106,ID=OLUR_00023646;,NA,Name=OLUR_00023646;,Alias=maker-Contig66008-snap-gene-0.1;,NA,NA,Note=Similar to Gabpb1: GA-binding protein subunit beta-1 (Mus musculus OX%3D10090);,Q00420,Ontology_term=GO:0005515;,"Dbxref=CDD:cd00204,Coils:Coil,InterPro:IPR002110,InterPro:IPR020683,InterPro:IPR036770,MobiDBLite:mobidb-lite,PRINTS:PR01415,Pfam:PF00023,Pfam:PF12796,ProSiteProfiles:PS50088,ProSiteProfiles:PS50297,SMART:SM00248,SUPERFAMILY:SSF48403;"
Contig41429,472,12539,"ID=OLUR_00017945;Name=OLUR_00017945;Alias=maker-Contig41429-snap-gene-0.2;Note=Protein of unknown function;Dbxref=InterPro:IPR002557,InterPro:IPR009030,InterPro:IPR011641,ProSiteProfiles:PS50940,SMART:SM01411,SUPERFAMILY:SSF57184;Ontology_term=GO:0005576,GO:0006030,GO:0008061;",0.005540984,0.023382168,ID=OLUR_00017945;,NA,Name=OLUR_00017945;,Alias=maker-Contig41429-snap-gene-0.2;,NA,NA,Note=Protein of unknown function;,NA,"Ontology_term=GO:0005576,GO:0006030,GO:0008061;","Dbxref=InterPro:IPR002557,InterPro:IPR009030,InterPro:IPR011641,ProSiteProfiles:PS50940,SMART:SM01411,SUPERFAMILY:SSF57184;"
Contig18086,1010,9919,"ID=OLUR_00020258;Name=OLUR_00020258;Alias=maker-Contig18086-snap-gene-0.2;Note=Similar to PRICKLE2: Prickle-like protein 2 (Homo sapiens OX%3D9606);Dbxref=CDD:cd09340,CDD:cd09418,CDD:cd09420,CDD:cd09827,Gene3D:G3DSA:2.10.110.10,InterPro:IPR001781,InterPro:IPR010442,InterPro:IPR033723,InterPro:IPR033726,InterPro:IPR033727,MobiDBLite:mobidb-lite,Pfam:PF00412,Pfam:PF06297,ProSitePatterns:PS00478,ProSiteProfiles:PS50023,ProSiteProfiles:PS51303,SMART:SM00132,SUPERFAMILY:SSF57716;Ontology_term=GO:0008270;",6.08E-10,1.09E-08,ID=OLUR_00020258;,NA,Name=OLUR_00020258;,Alias=maker-Contig18086-snap-gene-0.2;,NA,NA,Note=Similar to PRICKLE2: Prickle-like protein 2 (Homo sapiens OX%3D9606);,Q7Z3G6,Ontology_term=GO:0008270;,"Dbxref=CDD:cd09340,CDD:cd09418,CDD:cd09420,CDD:cd09827,Gene3D:G3DSA:2.10.110.10,InterPro:IPR001781,InterPro:IPR010442,InterPro:IPR033723,InterPro:IPR033726,InterPro:IPR033727,MobiDBLite:mobidb-lite,Pfam:PF00412,Pfam:PF06297,ProSitePatterns:PS00478,ProSiteProfiles:PS50023,ProSiteProfiles:PS51303,SMART:SM00132,SUPERFAMILY:SSF57716;"
Contig23590,554,15467,"ID=OLUR_00015016;Name=OLUR_00015016;Alias=maker-Contig23590-snap-gene-0.2;Note=Similar to MAM and LDL-receptor class A domain-containing protein 1 (Fragment) (Acropora millepora OX%3D45264);Dbxref=CDD:cd06263,Gene3D:G3DSA:2.60.120.200,InterPro:IPR000998,InterPro:IPR013320,MobiDBLite:mobidb-lite,PRINTS:PR00020,Pfam:PF00629,ProSitePatterns:PS00740,ProSiteProfiles:PS50060,SMART:SM00137,SUPERFAMILY:SSF49899;Ontology_term=GO:0016020;",8.69E-04,0.004406615,ID=OLUR_00015016;,NA,Name=OLUR_00015016;,Alias=maker-Contig23590-snap-gene-0.2;,NA,NA,Note=Similar to MAM and LDL-receptor class A domain-containing protein 1 (Fragment) (Acropora millepora OX%3D45264);,B3EWZ5,Ontology_term=GO:0016020;,"Dbxref=CDD:cd06263,Gene3D:G3DSA:2.60.120.200,InterPro:IPR000998,InterPro:IPR013320,MobiDBLite:mobidb-lite,PRINTS:PR00020,Pfam:PF00629,ProSitePatterns:PS00740,ProSiteProfiles:PS50060,SMART:SM00137,SUPERFAMILY:SSF49899;"