Name,contig_gene,start_gene_2kb,end_gene_2kb,notes_gene,pval.treatment,adj.pval.pop,ID,Parent,Alias,AED,eAED,Note,Ontology_term,Dbxref,uniprotID
OLUR_00000039,Contig0,10497,95068,"ID=OLUR_00000039;Name=OLUR_00000039;Alias=maker-Contig0-snap-gene-0.8;Note=Similar to WDR87: WD repeat-containing protein 87 (Homo sapiens OX%3D9606);Dbxref=Coils:Coil,Gene3D:G3DSA:1.25.10.10,Gene3D:G3DSA:2.130.10.10,InterPro:IPR001680,InterPro:IPR011989,InterPro:IPR015943,InterPro:IPR016024,InterPro:IPR017986,InterPro:IPR036322,MobiDBLite:mobidb-lite,Pfam:PF00400,ProSiteProfiles:PS50082,ProSiteProfiles:PS50294,SMART:SM00320,SUPERFAMILY:SSF48371,SUPERFAMILY:SSF50978;Ontology_term=GO:0005515;",1.1864486528989072e-4,0.0013200261250306481,ID=OLUR_00000039;,NA,Alias=maker-Contig0-snap-gene-0.8;,NA,NA,Note=Similar to WDR87: WD repeat-containing protein 87 (Homo sapiens OX%3D9606);,Ontology_term=GO:0005515;,"Dbxref=Coils:Coil,Gene3D:G3DSA:1.25.10.10,Gene3D:G3DSA:2.130.10.10,InterPro:IPR001680,InterPro:IPR011989,InterPro:IPR015943,InterPro:IPR016024,InterPro:IPR017986,InterPro:IPR036322,MobiDBLite:mobidb-lite,Pfam:PF00400,ProSiteProfiles:PS50082,ProSiteProfiles:PS50294,SMART:SM00320,SUPERFAMILY:SSF48371,SUPERFAMILY:SSF50978;",Q6ZQQ6
OLUR_00000419,Contig21816,1941,38734,"ID=OLUR_00000419;Name=OLUR_00000419;Alias=maker-Contig21816-snap-gene-0.14;Note=Similar to SYNRG: Synergin gamma (Homo sapiens OX%3D9606);Dbxref=Gene3D:G3DSA:1.10.238.10,InterPro:IPR000261,InterPro:IPR011992,MobiDBLite:mobidb-lite,ProSiteProfiles:PS50031,SMART:SM00027,SUPERFAMILY:SSF47473;Ontology_term=GO:0005515;",2.178016626552251e-6,4.1795699843102925e-5,ID=OLUR_00000419;,NA,Alias=maker-Contig21816-snap-gene-0.14;,NA,NA,Note=Similar to SYNRG: Synergin gamma (Homo sapiens OX%3D9606);,Ontology_term=GO:0005515;,"Dbxref=Gene3D:G3DSA:1.10.238.10,InterPro:IPR000261,InterPro:IPR011992,MobiDBLite:mobidb-lite,ProSiteProfiles:PS50031,SMART:SM00027,SUPERFAMILY:SSF47473;",P55264
OLUR_00000420,Contig21816,14451,42300,ID=OLUR_00000420;Name=OLUR_00000420;Alias=maker-Contig21816-snap-gene-0.13;Note=Protein of unknown function;Dbxref=MobiDBLite:mobidb-lite;,2.178016626552251e-6,4.1795699843102925e-5,ID=OLUR_00000420;,NA,Alias=maker-Contig21816-snap-gene-0.13;,NA,NA,Note=Protein of unknown function;,NA,Dbxref=MobiDBLite:mobidb-lite;,Q5RFP3
OLUR_00000590,Contig17603,55580,69665,"ID=OLUR_00000590;Name=OLUR_00000590;Alias=maker-Contig17603-snap-gene-0.6;Note=Protein of unknown function;Dbxref=Coils:Coil,MobiDBLite:mobidb-lite;",7.5372967341676055e-12,3.9459821769782963e-10,ID=OLUR_00000590;,NA,Alias=maker-Contig17603-snap-gene-0.6;,NA,NA,Note=Protein of unknown function;,NA,"Dbxref=Coils:Coil,MobiDBLite:mobidb-lite;",P49796
OLUR_00000648,Contig1297,43241,67699,"ID=OLUR_00000648;Name=OLUR_00000648;Alias=maker-Contig1297-snap-gene-0.12;Note=Similar to FHOD3: FH1/FH2 domain-containing protein 3 (Homo sapiens OX%3D9606);Dbxref=Coils:Coil,Gene3D:G3DSA:1.20.58.2220,InterPro:IPR015425,MobiDBLite:mobidb-lite,Pfam:PF02181,ProSiteProfiles:PS51444,SMART:SM00498,SUPERFAMILY:SSF101447;",5.091113085734326e-9,1.6085729763266443e-7,ID=OLUR_00000648;,NA,Alias=maker-Contig1297-snap-gene-0.12;,NA,NA,Note=Similar to FHOD3: FH1/FH2 domain-containing protein 3 (Homo sapiens OX%3D9606);,NA,"Dbxref=Coils:Coil,Gene3D:G3DSA:1.20.58.2220,InterPro:IPR015425,MobiDBLite:mobidb-lite,Pfam:PF02181,ProSiteProfiles:PS51444,SMART:SM00498,SUPERFAMILY:SSF101447;",Q5ZMD4
OLUR_00001027,Contig20905,15608,45768,"ID=OLUR_00001027;Name=OLUR_00001027;Alias=maker-Contig20905-snap-gene-0.9;Note=Similar to DCLK1: Serine/threonine-protein kinase DCLK1 (Homo sapiens OX%3D9606);Dbxref=CDD:cd01617,Gene3D:G3DSA:3.10.20.230,InterPro:IPR003533,InterPro:IPR036572,Pfam:PF03607,ProSiteProfiles:PS50309,SMART:SM00537,SUPERFAMILY:SSF89837;Ontology_term=GO:0035556;",9.592978630133422e-4,0.0075215565887595485,ID=OLUR_00001027;,NA,Alias=maker-Contig20905-snap-gene-0.9;,NA,NA,Note=Similar to DCLK1: Serine/threonine-protein kinase DCLK1 (Homo sapiens OX%3D9606);,Ontology_term=GO:0035556;,"Dbxref=CDD:cd01617,Gene3D:G3DSA:3.10.20.230,InterPro:IPR003533,InterPro:IPR036572,Pfam:PF03607,ProSiteProfiles:PS50309,SMART:SM00537,SUPERFAMILY:SSF89837;",Q4V8E5
OLUR_00001082,Contig18485,27692,52779,"ID=OLUR_00001082;Name=OLUR_00001082;Alias=maker-Contig18485-snap-gene-0.8;Note=Similar to RREB1: Ras-responsive element-binding protein 1 (Gallus gallus OX%3D9031);Dbxref=Gene3D:G3DSA:3.30.160.60,InterPro:IPR013087,InterPro:IPR036236,MobiDBLite:mobidb-lite,Pfam:PF00096,Pfam:PF13894,Pfam:PF13909,Pfam:PF13912,ProSitePatterns:PS00028,ProSiteProfiles:PS50157,SMART:SM00355,SUPERFAMILY:SSF57667;Ontology_term=GO:0003676;",0.006660842235410804,0.0338312228704052,ID=OLUR_00001082;,NA,Alias=maker-Contig18485-snap-gene-0.8;,NA,NA,Note=Similar to RREB1: Ras-responsive element-binding protein 1 (Gallus gallus OX%3D9031);,Ontology_term=GO:0003676;,"Dbxref=Gene3D:G3DSA:3.30.160.60,InterPro:IPR013087,InterPro:IPR036236,MobiDBLite:mobidb-lite,Pfam:PF00096,Pfam:PF13894,Pfam:PF13909,Pfam:PF13912,ProSitePatterns:PS00028,ProSiteProfiles:PS50157,SMART:SM00355,SUPERFAMILY:SSF57667;",Q7L4I2
OLUR_00001182,Contig29,20374,49980,"ID=OLUR_00001182;Name=OLUR_00001182;Alias=snap_masked-Contig29-processed-gene-0.3;Note=Similar to Nrg: Neuroglian (Drosophila melanogaster OX%3D7227);Dbxref=CDD:cd00063,CDD:cd00096,Gene3D:G3DSA:2.60.40.10,InterPro:IPR003598,InterPro:IPR003599,InterPro:IPR003961,InterPro:IPR007110,InterPro:IPR013098,InterPro:IPR013783,InterPro:IPR036116,InterPro:IPR036179,Pfam:PF07679,ProSiteProfiles:PS50835,ProSiteProfiles:PS50853,SMART:SM00060,SMART:SM00408,SMART:SM00409,SUPERFAMILY:SSF48726,SUPERFAMILY:SSF49265;Ontology_term=GO:0005515;",9.240300440647133e-4,0.007345471264292318,ID=OLUR_00001182;,NA,Alias=snap_masked-Contig29-processed-gene-0.3;,NA,NA,Note=Similar to Nrg: Neuroglian (Drosophila melanogaster OX%3D7227);,Ontology_term=GO:0005515;,"Dbxref=CDD:cd00063,CDD:cd00096,Gene3D:G3DSA:2.60.40.10,InterPro:IPR003598,InterPro:IPR003599,InterPro:IPR003961,InterPro:IPR007110,InterPro:IPR013098,InterPro:IPR013783,InterPro:IPR036116,InterPro:IPR036179,Pfam:PF07679,ProSiteProfiles:PS50835,ProSiteProfiles:PS50853,SMART:SM00060,SMART:SM00408,SMART:SM00409,SUPERFAMILY:SSF48726,SUPERFAMILY:SSF49265;",P16157
OLUR_00001641,Contig24791,7341,51957,"ID=OLUR_00001641;Name=OLUR_00001641;Alias=maker-Contig24791-snap-gene-0.5;Note=Similar to Cacna1h: Voltage-dependent T-type calcium channel subunit alpha-1H (Rattus norvegicus OX%3D10116);Dbxref=Coils:Coil,Gene3D:G3DSA:1.10.287.70,Gene3D:G3DSA:1.20.120.350,InterPro:IPR005445,InterPro:IPR005821,InterPro:IPR027359,MobiDBLite:mobidb-lite,PRINTS:PR01629,Pfam:PF00520,SUPERFAMILY:SSF81324;Ontology_term=GO:0005216,GO:0005245,GO:0005891,GO:0006811,GO:0016020,GO:0055085,GO:0070588;",0.0010018628241585928,0.007799391196541653,ID=OLUR_00001641;,NA,Alias=maker-Contig24791-snap-gene-0.5;,NA,NA,Note=Similar to Cacna1h: Voltage-dependent T-type calcium channel subunit alpha-1H (Rattus norvegicus OX%3D10116);,"Ontology_term=GO:0005216,GO:0005245,GO:0005891,GO:0006811,GO:0016020,GO:0055085,GO:0070588;","Dbxref=Coils:Coil,Gene3D:G3DSA:1.10.287.70,Gene3D:G3DSA:1.20.120.350,InterPro:IPR005445,InterPro:IPR005821,InterPro:IPR027359,MobiDBLite:mobidb-lite,PRINTS:PR01629,Pfam:PF00520,SUPERFAMILY:SSF81324;",Q9I931
OLUR_00001896,Contig20994,14874,49435,"ID=OLUR_00001896;Name=OLUR_00001896;Alias=maker-Contig20994-snap-gene-0.4;Note=Similar to CEP295: Centrosomal protein of 295 kDa (Homo sapiens OX%3D9606);Dbxref=Coils:Coil,MobiDBLite:mobidb-lite;",6.180670356474583e-4,0.005271899630067974,ID=OLUR_00001896;,NA,Alias=maker-Contig20994-snap-gene-0.4;,NA,NA,Note=Similar to CEP295: Centrosomal protein of 295 kDa (Homo sapiens OX%3D9606);,NA,"Dbxref=Coils:Coil,MobiDBLite:mobidb-lite;",Q58ED9
OLUR_00002052,Contig58,1,24798,"ID=OLUR_00002052;Name=OLUR_00002052;Alias=snap_masked-Contig58-processed-gene-0.0;Note=Protein of unknown function;Dbxref=Coils:Coil,Gene3D:G3DSA:2.120.10.30,Gene3D:G3DSA:3.30.40.200,InterPro:IPR000315,InterPro:IPR011042,MobiDBLite:mobidb-lite,Pfam:PF00643,ProSiteProfiles:PS50119,SUPERFAMILY:SSF57845,SUPERFAMILY:SSF63829;Ontology_term=GO:0005622,GO:0008270;",2.8648491539760264e-16,2.974136926464699e-14,ID=OLUR_00002052;,NA,Alias=snap_masked-Contig58-processed-gene-0.0;,NA,NA,Note=Protein of unknown function;,"Ontology_term=GO:0005622,GO:0008270;","Dbxref=Coils:Coil,Gene3D:G3DSA:2.120.10.30,Gene3D:G3DSA:3.30.40.200,InterPro:IPR000315,InterPro:IPR011042,MobiDBLite:mobidb-lite,Pfam:PF00643,ProSiteProfiles:PS50119,SUPERFAMILY:SSF57845,SUPERFAMILY:SSF63829;",Q5RC14
OLUR_00002503,Contig419,30958,43937,"ID=OLUR_00002503;Name=OLUR_00002503;Alias=maker-Contig419-snap-gene-0.8;Note=Similar to setdb1: Histone-lysine N-methyltransferase SETDB1 (Xenopus laevis OX%3D8355);Dbxref=Gene3D:G3DSA:2.170.270.10,InterPro:IPR001214,InterPro:IPR003616,MobiDBLite:mobidb-lite,Pfam:PF00856,ProSiteProfiles:PS50280,ProSiteProfiles:PS50868,SMART:SM00317,SUPERFAMILY:SSF82199;Ontology_term=GO:0005515;",0.0010764788666378453,0.008233663652766158,ID=OLUR_00002503;,NA,Alias=maker-Contig419-snap-gene-0.8;,NA,NA,Note=Similar to setdb1: Histone-lysine N-methyltransferase SETDB1 (Xenopus laevis OX%3D8355);,Ontology_term=GO:0005515;,"Dbxref=Gene3D:G3DSA:2.170.270.10,InterPro:IPR001214,InterPro:IPR003616,MobiDBLite:mobidb-lite,Pfam:PF00856,ProSiteProfiles:PS50280,ProSiteProfiles:PS50868,SMART:SM00317,SUPERFAMILY:SSF82199;",Q2KIK2
OLUR_00002723,Contig32939,15224,23813,"ID=OLUR_00002723;Name=OLUR_00002723;Alias=snap_masked-Contig32939-processed-gene-0.1;Note=Similar to btbd17: BTB/POZ domain-containing protein 17 (Xenopus laevis OX%3D8355);Dbxref=Coils:Coil,Gene3D:G3DSA:1.25.40.420,Gene3D:G3DSA:3.30.710.10,InterPro:IPR000210,InterPro:IPR011333,InterPro:IPR011705,Pfam:PF00651,Pfam:PF07707,ProSiteProfiles:PS50097,SMART:SM00225,SMART:SM00875,SUPERFAMILY:SSF54695;Ontology_term=GO:0005515;",0.0024412314338632508,0.015590920215399056,ID=OLUR_00002723;,NA,Alias=snap_masked-Contig32939-processed-gene-0.1;,NA,NA,Note=Similar to btbd17: BTB/POZ domain-containing protein 17 (Xenopus laevis OX%3D8355);,Ontology_term=GO:0005515;,"Dbxref=Coils:Coil,Gene3D:G3DSA:1.25.40.420,Gene3D:G3DSA:3.30.710.10,InterPro:IPR000210,InterPro:IPR011333,InterPro:IPR011705,Pfam:PF00651,Pfam:PF07707,ProSiteProfiles:PS50097,SMART:SM00225,SMART:SM00875,SUPERFAMILY:SSF54695;",Q13370
OLUR_00002796,Contig22790,15663,24282,ID=OLUR_00002796;Name=OLUR_00002796;Alias=snap_masked-Contig22790-processed-gene-0.4;Note=Protein of unknown function;Dbxref=MobiDBLite:mobidb-lite;,0.007444174857043948,0.03621786967290224,ID=OLUR_00002796;,NA,Alias=snap_masked-Contig22790-processed-gene-0.4;,NA,NA,Note=Protein of unknown function;,NA,Dbxref=MobiDBLite:mobidb-lite;,Q80UN9
OLUR_00002823,Contig19277,1,23216,"ID=OLUR_00002823;Name=OLUR_00002823;Alias=snap_masked-Contig19277-processed-gene-0.3;Note=Similar to Got1: Aspartate aminotransferase%2C cytoplasmic (Rattus norvegicus OX%3D10116);Dbxref=Gene3D:G3DSA:3.40.640.10,Gene3D:G3DSA:3.90.1150.10,InterPro:IPR004839,InterPro:IPR015421,InterPro:IPR015422,InterPro:IPR015424,Pfam:PF00155,SUPERFAMILY:SSF53383;Ontology_term=GO:0003824,GO:0009058,GO:0030170;",3.457764652084764e-4,0.0031854361490190903,ID=OLUR_00002823;,NA,Alias=snap_masked-Contig19277-processed-gene-0.3;,NA,NA,Note=Similar to Got1: Aspartate aminotransferase%2C cytoplasmic (Rattus norvegicus OX%3D10116);,"Ontology_term=GO:0003824,GO:0009058,GO:0030170;","Dbxref=Gene3D:G3DSA:3.40.640.10,Gene3D:G3DSA:3.90.1150.10,InterPro:IPR004839,InterPro:IPR015421,InterPro:IPR015422,InterPro:IPR015424,Pfam:PF00155,SUPERFAMILY:SSF53383;",A5PJI7
OLUR_00003136,Contig565,18183,29628,"ID=OLUR_00003136;Name=OLUR_00003136;Alias=snap_masked-Contig565-processed-gene-0.4;Note=Similar to Prdm1: PR domain zinc finger protein 1 (Mus musculus OX%3D10090);Dbxref=Gene3D:G3DSA:2.170.270.10,Gene3D:G3DSA:3.30.160.60,InterPro:IPR013087,InterPro:IPR036236,MobiDBLite:mobidb-lite,PIRSF:PIRSF013212,Pfam:PF00096,ProSitePatterns:PS00028,ProSiteProfiles:PS50157,SMART:SM00355,SUPERFAMILY:SSF57667;Ontology_term=GO:0003676;",2.682621122113161e-6,4.9539682525598865e-5,ID=OLUR_00003136;,NA,Alias=snap_masked-Contig565-processed-gene-0.4;,NA,NA,Note=Similar to Prdm1: PR domain zinc finger protein 1 (Mus musculus OX%3D10090);,Ontology_term=GO:0003676;,"Dbxref=Gene3D:G3DSA:2.170.270.10,Gene3D:G3DSA:3.30.160.60,InterPro:IPR013087,InterPro:IPR036236,MobiDBLite:mobidb-lite,PIRSF:PIRSF013212,Pfam:PF00096,ProSitePatterns:PS00028,ProSiteProfiles:PS50157,SMART:SM00355,SUPERFAMILY:SSF57667;",Q69ZK9
OLUR_00003265,Contig29971,6146,39953,ID=OLUR_00003265;Name=OLUR_00003265;Alias=maker-Contig29971-snap-gene-0.7;Note=Similar to Vps13b: Vacuolar protein sorting-associated protein 13B (Mus musculus OX%3D10090);Dbxref=MobiDBLite:mobidb-lite;,3.3076061209489726e-6,5.879905958086981e-5,ID=OLUR_00003265;,NA,Alias=maker-Contig29971-snap-gene-0.7;,NA,NA,Note=Similar to Vps13b: Vacuolar protein sorting-associated protein 13B (Mus musculus OX%3D10090);,NA,Dbxref=MobiDBLite:mobidb-lite;,Q27421
OLUR_00003291,Contig1414,1,23508,"ID=OLUR_00003291;Name=OLUR_00003291;Alias=maker-Contig1414-snap-gene-0.2;Note=Similar to TMEM229B: Transmembrane protein 229B (Homo sapiens OX%3D9606);Dbxref=InterPro:IPR010540,Pfam:PF06541;",0.006824514863665393,0.034124519827393,ID=OLUR_00003291;,NA,Alias=maker-Contig1414-snap-gene-0.2;,NA,NA,Note=Similar to TMEM229B: Transmembrane protein 229B (Homo sapiens OX%3D9606);,NA,"Dbxref=InterPro:IPR010540,Pfam:PF06541;",Q25145
OLUR_00003292,Contig1414,10936,39853,"ID=OLUR_00003292;Name=OLUR_00003292;Alias=snap_masked-Contig1414-processed-gene-0.1;Note=Protein of unknown function;Dbxref=Coils:Coil,InterPro:IPR012315,MobiDBLite:mobidb-lite,ProSiteProfiles:PS51049;Ontology_term=GO:0016021;",0.006824514863665393,0.034124519827393,ID=OLUR_00003292;,NA,Alias=snap_masked-Contig1414-processed-gene-0.1;,NA,NA,Note=Protein of unknown function;,Ontology_term=GO:0016021;,"Dbxref=Coils:Coil,InterPro:IPR012315,MobiDBLite:mobidb-lite,ProSiteProfiles:PS51049;",P46023
OLUR_00003645,Contig16933,16986,37328,"ID=OLUR_00003645;Name=OLUR_00003645;Alias=maker-Contig16933-snap-gene-0.6;Note=Similar to Chat: Choline O-acetyltransferase (Mus musculus OX%3D10090);Dbxref=Gene3D:G3DSA:3.30.559.40,InterPro:IPR000542,InterPro:IPR039551,Pfam:PF00755,ProSitePatterns:PS00440,SUPERFAMILY:SSF52777;Ontology_term=GO:0016746;",5.04888343359158e-8,1.3216146813140938e-6,ID=OLUR_00003645;,NA,Alias=maker-Contig16933-snap-gene-0.6;,NA,NA,Note=Similar to Chat: Choline O-acetyltransferase (Mus musculus OX%3D10090);,Ontology_term=GO:0016746;,"Dbxref=Gene3D:G3DSA:3.30.559.40,InterPro:IPR000542,InterPro:IPR039551,Pfam:PF00755,ProSitePatterns:PS00440,SUPERFAMILY:SSF52777;",Q9VJ79
OLUR_00003694,Contig22998,1,11835,"ID=OLUR_00003694;Name=OLUR_00003694;Alias=maker-Contig22998-snap-gene-0.3;Note=Similar to VCPIP1: Deubiquitinating protein VCIP135 (Homo sapiens OX%3D9606);Dbxref=Gene3D:G3DSA:3.10.20.90,MobiDBLite:mobidb-lite;",7.816111306784292e-4,0.00641833668070302,ID=OLUR_00003694;,NA,Alias=maker-Contig22998-snap-gene-0.3;,NA,NA,Note=Similar to VCPIP1: Deubiquitinating protein VCIP135 (Homo sapiens OX%3D9606);,NA,"Dbxref=Gene3D:G3DSA:3.10.20.90,MobiDBLite:mobidb-lite;",Q5R9H4
OLUR_00003734,Contig25646,1,24132,"ID=OLUR_00003734;Name=OLUR_00003734;Alias=snap_masked-Contig25646-processed-gene-0.0;Note=Similar to Gcn1: eIF-2-alpha kinase activator GCN1 (Mus musculus OX%3D10090);Dbxref=Gene3D:G3DSA:1.25.10.10,Gene3D:G3DSA:3.30.200.20,InterPro:IPR000719,InterPro:IPR011009,InterPro:IPR011989,InterPro:IPR016024,InterPro:IPR017441,Pfam:PF00069,ProSitePatterns:PS00107,ProSiteProfiles:PS50011,SMART:SM00220,SUPERFAMILY:SSF48371,SUPERFAMILY:SSF56112;Ontology_term=GO:0004672,GO:0005524,GO:0006468;",0.004941865612166742,0.027210537783533485,ID=OLUR_00003734;,NA,Alias=snap_masked-Contig25646-processed-gene-0.0;,NA,NA,Note=Similar to Gcn1: eIF-2-alpha kinase activator GCN1 (Mus musculus OX%3D10090);,"Ontology_term=GO:0004672,GO:0005524,GO:0006468;","Dbxref=Gene3D:G3DSA:1.25.10.10,Gene3D:G3DSA:3.30.200.20,InterPro:IPR000719,InterPro:IPR011009,InterPro:IPR011989,InterPro:IPR016024,InterPro:IPR017441,Pfam:PF00069,ProSitePatterns:PS00107,ProSiteProfiles:PS50011,SMART:SM00220,SUPERFAMILY:SSF48371,SUPERFAMILY:SSF56112;",Q9H093
OLUR_00003842,Contig398,1,27654,"ID=OLUR_00003842;Name=OLUR_00003842;Alias=maker-Contig398-snap-gene-0.2;Note=Similar to TEX261: Protein TEX261 (Homo sapiens OX%3D9606);Dbxref=InterPro:IPR007277,Pfam:PF04148;",0.0054014145030844155,0.028588851400158443,ID=OLUR_00003842;,NA,Alias=maker-Contig398-snap-gene-0.2;,NA,NA,Note=Similar to TEX261: Protein TEX261 (Homo sapiens OX%3D9606);,NA,"Dbxref=InterPro:IPR007277,Pfam:PF04148;",Q5ZM41
OLUR_00003850,Contig26705,1,27526,"ID=OLUR_00003850;Name=OLUR_00003850;Alias=maker-Contig26705-snap-gene-0.7;Note=Similar to TANC2: Protein TANC2 (Homo sapiens OX%3D9606);Dbxref=CDD:cd00204,Gene3D:G3DSA:1.25.40.10,Gene3D:G3DSA:1.25.40.20,InterPro:IPR001841,InterPro:IPR002110,InterPro:IPR011990,InterPro:IPR013026,InterPro:IPR019734,InterPro:IPR020683,InterPro:IPR027417,InterPro:IPR036770,MobiDBLite:mobidb-lite,Pfam:PF12796,ProSiteProfiles:PS50005,ProSiteProfiles:PS50088,ProSiteProfiles:PS50089,ProSiteProfiles:PS50293,ProSiteProfiles:PS50297,SMART:SM00028,SMART:SM00248,SUPERFAMILY:SSF48403,SUPERFAMILY:SSF48452,SUPERFAMILY:SSF52540;Ontology_term=GO:0005515;",0.010450372192303386,0.04752759936881976,ID=OLUR_00003850;,NA,Alias=maker-Contig26705-snap-gene-0.7;,NA,NA,Note=Similar to TANC2: Protein TANC2 (Homo sapiens OX%3D9606);,Ontology_term=GO:0005515;,"Dbxref=CDD:cd00204,Gene3D:G3DSA:1.25.40.10,Gene3D:G3DSA:1.25.40.20,InterPro:IPR001841,InterPro:IPR002110,InterPro:IPR011990,InterPro:IPR013026,InterPro:IPR019734,InterPro:IPR020683,InterPro:IPR027417,InterPro:IPR036770,MobiDBLite:mobidb-lite,Pfam:PF12796,ProSiteProfiles:PS50005,ProSiteProfiles:PS50088,ProSiteProfiles:PS50089,ProSiteProfiles:PS50293,ProSiteProfiles:PS50297,SMART:SM00028,SMART:SM00248,SUPERFAMILY:SSF48403,SUPERFAMILY:SSF48452,SUPERFAMILY:SSF52540;",Q5R947
OLUR_00004213,Contig17101,2064,9196,"ID=OLUR_00004213;Name=OLUR_00004213;Alias=maker-Contig17101-snap-gene-0.8;Note=Protein of unknown function;Dbxref=InterPro:IPR025155,MobiDBLite:mobidb-lite,Pfam:PF13330;",5.146082582298856e-4,0.004497470444832447,ID=OLUR_00004213;,NA,Alias=maker-Contig17101-snap-gene-0.8;,NA,NA,Note=Protein of unknown function;,NA,"Dbxref=InterPro:IPR025155,MobiDBLite:mobidb-lite,Pfam:PF13330;",Q4PM12
OLUR_00004217,Contig17101,18155,31839,"ID=OLUR_00004217;Name=OLUR_00004217;Alias=snap_masked-Contig17101-processed-gene-0.3;Note=Similar to MUC5B: Mucin-5B (Homo sapiens OX%3D9606);Dbxref=Gene3D:G3DSA:2.60.120.260,InterPro:IPR000421,InterPro:IPR008979,InterPro:IPR025155,MobiDBLite:mobidb-lite,Pfam:PF13330,ProSitePatterns:PS01286,SUPERFAMILY:SSF49785;",0.003539671776608241,0.02101331021291432,ID=OLUR_00004217;,NA,Alias=snap_masked-Contig17101-processed-gene-0.3;,NA,NA,Note=Similar to MUC5B: Mucin-5B (Homo sapiens OX%3D9606);,NA,"Dbxref=Gene3D:G3DSA:2.60.120.260,InterPro:IPR000421,InterPro:IPR008979,InterPro:IPR025155,MobiDBLite:mobidb-lite,Pfam:PF13330,ProSitePatterns:PS01286,SUPERFAMILY:SSF49785;",P55861
OLUR_00004350,Contig27574,24241,35570,ID=OLUR_00004350;Name=OLUR_00004350;Alias=maker-Contig27574-snap-gene-0.4;Note=Similar to UPF0577 protein KIAA1324-like homolog (Mus musculus OX%3D10090);Dbxref=MobiDBLite:mobidb-lite;,1.4055680632041582e-12,1.0625175027314797e-10,ID=OLUR_00004350;,NA,Alias=maker-Contig27574-snap-gene-0.4;,NA,NA,Note=Similar to UPF0577 protein KIAA1324-like homolog (Mus musculus OX%3D10090);,NA,Dbxref=MobiDBLite:mobidb-lite;,P42696
OLUR_00004392,Contig20569,25098,35436,"ID=OLUR_00004392;Name=OLUR_00004392;Alias=maker-Contig20569-snap-gene-0.4;Note=Similar to dlgap1: Disks large-associated protein 1 (Danio rerio OX%3D7955);Dbxref=Coils:Coil,InterPro:IPR005026,MobiDBLite:mobidb-lite,Pfam:PF03359;Ontology_term=GO:0023052;",1.2972622557643057e-9,4.6428786529865434e-8,ID=OLUR_00004392;,NA,Alias=maker-Contig20569-snap-gene-0.4;,NA,NA,Note=Similar to dlgap1: Disks large-associated protein 1 (Danio rerio OX%3D7955);,Ontology_term=GO:0023052;,"Dbxref=Coils:Coil,InterPro:IPR005026,MobiDBLite:mobidb-lite,Pfam:PF03359;",Q147U1
OLUR_00004485,Contig19797,6879,25490,ID=OLUR_00004485;Name=OLUR_00004485;Alias=maker-Contig19797-snap-gene-0.7;Note=Protein of unknown function;Dbxref=MobiDBLite:mobidb-lite;,0.007421308653376899,0.03621553848738404,ID=OLUR_00004485;,NA,Alias=maker-Contig19797-snap-gene-0.7;,NA,NA,Note=Protein of unknown function;,NA,Dbxref=MobiDBLite:mobidb-lite;,Q0E908
OLUR_00004486,Contig19797,17831,25826,"ID=OLUR_00004486;Name=OLUR_00004486;Alias=maker-Contig19797-snap-gene-0.5;Note=Similar to Tnpo1: Transportin-1 (Mus musculus OX%3D10090);Dbxref=Gene3D:G3DSA:1.25.10.10,InterPro:IPR001494,InterPro:IPR011989,Pfam:PF03810;Ontology_term=GO:0006886,GO:0008536;",0.004800891082053252,0.026524595298625497,ID=OLUR_00004486;,NA,Alias=maker-Contig19797-snap-gene-0.5;,NA,NA,Note=Similar to Tnpo1: Transportin-1 (Mus musculus OX%3D10090);,"Ontology_term=GO:0006886,GO:0008536;","Dbxref=Gene3D:G3DSA:1.25.10.10,InterPro:IPR001494,InterPro:IPR011989,Pfam:PF03810;",Q0E908
OLUR_00004559,Contig15598,2992,15105,ID=OLUR_00004559;Name=OLUR_00004559;Alias=maker-Contig15598-snap-gene-0.2;Note=Protein of unknown function;,2.0104953289742423e-4,0.002096955701922393,ID=OLUR_00004559;,NA,Alias=maker-Contig15598-snap-gene-0.2;,NA,NA,Note=Protein of unknown function;,NA,NA,Q4R4A2
OLUR_00004653,Contig36016,1313,25853,"ID=OLUR_00004653;Name=OLUR_00004653;Alias=maker-Contig36016-snap-gene-0.5;Note=Similar to THOC2: THO complex subunit 2 (Homo sapiens OX%3D9606);Dbxref=Coils:Coil,InterPro:IPR021418,MobiDBLite:mobidb-lite,Pfam:PF11262;",5.647449444108841e-6,8.895695195457519e-5,ID=OLUR_00004653;,NA,Alias=maker-Contig36016-snap-gene-0.5;,NA,NA,Note=Similar to THOC2: THO complex subunit 2 (Homo sapiens OX%3D9606);,NA,"Dbxref=Coils:Coil,InterPro:IPR021418,MobiDBLite:mobidb-lite,Pfam:PF11262;",Q96PC2
OLUR_00004840,Contig33161,15169,24838,"ID=OLUR_00004840;Name=OLUR_00004840;Alias=maker-Contig33161-snap-gene-0.7;Note=Similar to SERBP1: Plasminogen activator inhibitor 1 RNA-binding protein (Homo sapiens OX%3D9606);Dbxref=InterPro:IPR006861,MobiDBLite:mobidb-lite,Pfam:PF04774;",1.9650808624119712e-4,0.0020588803828522316,ID=OLUR_00004840;,NA,Alias=maker-Contig33161-snap-gene-0.7;,NA,NA,Note=Similar to SERBP1: Plasminogen activator inhibitor 1 RNA-binding protein (Homo sapiens OX%3D9606);,NA,"Dbxref=InterPro:IPR006861,MobiDBLite:mobidb-lite,Pfam:PF04774;",O60290
OLUR_00004861,Contig23612,18647,33782,"ID=OLUR_00004861;Name=OLUR_00004861;Alias=maker-Contig23612-snap-gene-0.5;Note=Similar to E(bx): Nucleosome-remodeling factor subunit NURF301 (Drosophila melanogaster OX%3D7227);Dbxref=CDD:cd05509,CDD:cd15560,Coils:Coil,Gene3D:G3DSA:1.20.920.10,Gene3D:G3DSA:3.30.40.10,InterPro:IPR001487,InterPro:IPR001965,InterPro:IPR011011,InterPro:IPR013083,InterPro:IPR018359,InterPro:IPR019787,InterPro:IPR036427,MobiDBLite:mobidb-lite,PRINTS:PR00503,Pfam:PF00439,Pfam:PF00628,ProSitePatterns:PS00633,ProSiteProfiles:PS50014,ProSiteProfiles:PS50016,SMART:SM00249,SMART:SM00297,SUPERFAMILY:SSF47370,SUPERFAMILY:SSF57903;Ontology_term=GO:0005515;",0.0022314511548455463,0.014469448840706983,ID=OLUR_00004861;,NA,Alias=maker-Contig23612-snap-gene-0.5;,NA,NA,Note=Similar to E(bx): Nucleosome-remodeling factor subunit NURF301 (Drosophila melanogaster OX%3D7227);,Ontology_term=GO:0005515;,"Dbxref=CDD:cd05509,CDD:cd15560,Coils:Coil,Gene3D:G3DSA:1.20.920.10,Gene3D:G3DSA:3.30.40.10,InterPro:IPR001487,InterPro:IPR001965,InterPro:IPR011011,InterPro:IPR013083,InterPro:IPR018359,InterPro:IPR019787,InterPro:IPR036427,MobiDBLite:mobidb-lite,PRINTS:PR00503,Pfam:PF00439,Pfam:PF00628,ProSitePatterns:PS00633,ProSiteProfiles:PS50014,ProSiteProfiles:PS50016,SMART:SM00249,SMART:SM00297,SUPERFAMILY:SSF47370,SUPERFAMILY:SSF57903;",Q6UWM5
OLUR_00004895,Contig17925,1,18528,"ID=OLUR_00004895;Name=OLUR_00004895;Alias=maker-Contig17925-snap-gene-0.5;Note=Similar to ARHGEF26: Rho guanine nucleotide exchange factor 26 (Homo sapiens OX%3D9606);Dbxref=CDD:cd00160,CDD:cd01221,CDD:cd11793,Gene3D:G3DSA:1.20.900.10,Gene3D:G3DSA:2.30.29.30,Gene3D:G3DSA:2.30.30.40,InterPro:IPR000219,InterPro:IPR001452,InterPro:IPR001849,InterPro:IPR011993,InterPro:IPR035899,InterPro:IPR036028,MobiDBLite:mobidb-lite,Pfam:PF00018,Pfam:PF00621,ProSiteProfiles:PS50002,ProSiteProfiles:PS50003,ProSiteProfiles:PS50010,SMART:SM00233,SMART:SM00325,SMART:SM00326,SUPERFAMILY:SSF48065,SUPERFAMILY:SSF50044,SUPERFAMILY:SSF50729;Ontology_term=GO:0005089,GO:0005515,GO:0035023;",2.7905274303229724e-6,5.1181816599018965e-5,ID=OLUR_00004895;,NA,Alias=maker-Contig17925-snap-gene-0.5;,NA,NA,Note=Similar to ARHGEF26: Rho guanine nucleotide exchange factor 26 (Homo sapiens OX%3D9606);,"Ontology_term=GO:0005089,GO:0005515,GO:0035023;","Dbxref=CDD:cd00160,CDD:cd01221,CDD:cd11793,Gene3D:G3DSA:1.20.900.10,Gene3D:G3DSA:2.30.29.30,Gene3D:G3DSA:2.30.30.40,InterPro:IPR000219,InterPro:IPR001452,InterPro:IPR001849,InterPro:IPR011993,InterPro:IPR035899,InterPro:IPR036028,MobiDBLite:mobidb-lite,Pfam:PF00018,Pfam:PF00621,ProSiteProfiles:PS50002,ProSiteProfiles:PS50003,ProSiteProfiles:PS50010,SMART:SM00233,SMART:SM00325,SMART:SM00326,SUPERFAMILY:SSF48065,SUPERFAMILY:SSF50044,SUPERFAMILY:SSF50729;",Q8C4G9
OLUR_00005050,Contig21801,1,20859,"ID=OLUR_00005050;Name=OLUR_00005050;Alias=maker-Contig21801-snap-gene-0.7;Note=Similar to RNF38: E3 ubiquitin-protein ligase RNF38 (Homo sapiens OX%3D9606);Dbxref=CDD:cd16472,Gene3D:G3DSA:3.30.40.10,InterPro:IPR001841,InterPro:IPR013083,MobiDBLite:mobidb-lite,Pfam:PF13639,ProSiteProfiles:PS50089,SMART:SM00184,SUPERFAMILY:SSF57850;",0.01102941675402279,0.04892319024673065,ID=OLUR_00005050;,NA,Alias=maker-Contig21801-snap-gene-0.7;,NA,NA,Note=Similar to RNF38: E3 ubiquitin-protein ligase RNF38 (Homo sapiens OX%3D9606);,NA,"Dbxref=CDD:cd16472,Gene3D:G3DSA:3.30.40.10,InterPro:IPR001841,InterPro:IPR013083,MobiDBLite:mobidb-lite,Pfam:PF13639,ProSiteProfiles:PS50089,SMART:SM00184,SUPERFAMILY:SSF57850;",O77621
OLUR_00005059,Contig22778,14623,31558,"ID=OLUR_00005059;Name=OLUR_00005059;Alias=maker-Contig22778-snap-gene-0.5;Note=Similar to zag-1: Zinc finger E-box-binding homeobox protein zag-1 (Caenorhabditis elegans OX%3D6239);Dbxref=CDD:cd00086,Gene3D:G3DSA:1.10.10.60,Gene3D:G3DSA:3.30.160.60,InterPro:IPR001356,InterPro:IPR009057,InterPro:IPR013087,InterPro:IPR036236,MobiDBLite:mobidb-lite,Pfam:PF00046,Pfam:PF00096,ProSitePatterns:PS00028,ProSiteProfiles:PS50071,ProSiteProfiles:PS50157,SMART:SM00355,SMART:SM00389,SUPERFAMILY:SSF46689,SUPERFAMILY:SSF57667;Ontology_term=GO:0003676,GO:0003677;",0.0012733260925391781,0.009287965058866697,ID=OLUR_00005059;,NA,Alias=maker-Contig22778-snap-gene-0.5;,NA,NA,Note=Similar to zag-1: Zinc finger E-box-binding homeobox protein zag-1 (Caenorhabditis elegans OX%3D6239);,"Ontology_term=GO:0003676,GO:0003677;","Dbxref=CDD:cd00086,Gene3D:G3DSA:1.10.10.60,Gene3D:G3DSA:3.30.160.60,InterPro:IPR001356,InterPro:IPR009057,InterPro:IPR013087,InterPro:IPR036236,MobiDBLite:mobidb-lite,Pfam:PF00046,Pfam:PF00096,ProSitePatterns:PS00028,ProSiteProfiles:PS50071,ProSiteProfiles:PS50157,SMART:SM00355,SMART:SM00389,SUPERFAMILY:SSF46689,SUPERFAMILY:SSF57667;",Q9DDT2
OLUR_00005668,Contig24776,1636,30166,"ID=OLUR_00005668;Name=OLUR_00005668;Alias=maker-Contig24776-snap-gene-0.3;Note=Similar to ARHGEF10: Rho guanine nucleotide exchange factor 10 (Homo sapiens OX%3D9606);Dbxref=CDD:cd00160,Coils:Coil,Gene3D:G3DSA:1.20.900.10,InterPro:IPR000219,InterPro:IPR035899,MobiDBLite:mobidb-lite,Pfam:PF00621,ProSiteProfiles:PS50010,SMART:SM00325,SUPERFAMILY:SSF48065;Ontology_term=GO:0005089,GO:0035023;",0.005125710669480451,0.02753220397453825,ID=OLUR_00005668;,NA,Alias=maker-Contig24776-snap-gene-0.3;,NA,NA,Note=Similar to ARHGEF10: Rho guanine nucleotide exchange factor 10 (Homo sapiens OX%3D9606);,"Ontology_term=GO:0005089,GO:0035023;","Dbxref=CDD:cd00160,Coils:Coil,Gene3D:G3DSA:1.20.900.10,InterPro:IPR000219,InterPro:IPR035899,MobiDBLite:mobidb-lite,Pfam:PF00621,ProSiteProfiles:PS50010,SMART:SM00325,SUPERFAMILY:SSF48065;",P30549
OLUR_00005763,Contig36525,1,28767,ID=OLUR_00005763;Name=OLUR_00005763;Alias=maker-Contig36525-snap-gene-0.2;Note=Protein of unknown function;Dbxref=MobiDBLite:mobidb-lite;,1.917258908168827e-5,2.5824727191879366e-4,ID=OLUR_00005763;,NA,Alias=maker-Contig36525-snap-gene-0.2;,NA,NA,Note=Protein of unknown function;,NA,Dbxref=MobiDBLite:mobidb-lite;,Q86Z23
OLUR_00005775,Contig28854,1092,14154,"ID=OLUR_00005775;Name=OLUR_00005775;Alias=maker-Contig28854-snap-gene-0.4;Note=Similar to ZNF609: Zinc finger protein 609 (Homo sapiens OX%3D9606);Dbxref=InterPro:IPR013087,MobiDBLite:mobidb-lite,ProSitePatterns:PS00028,ProSiteProfiles:PS50157;Ontology_term=GO:0003676;",0.004248039781435528,0.024053391510074393,ID=OLUR_00005775;,NA,Alias=maker-Contig28854-snap-gene-0.4;,NA,NA,Note=Similar to ZNF609: Zinc finger protein 609 (Homo sapiens OX%3D9606);,Ontology_term=GO:0003676;,"Dbxref=InterPro:IPR013087,MobiDBLite:mobidb-lite,ProSitePatterns:PS00028,ProSiteProfiles:PS50157;",Q6W5P4
OLUR_00005791,Contig193,1,30989,"ID=OLUR_00005791;Name=OLUR_00005791;Alias=maker-Contig193-snap-gene-0.3;Note=Similar to Pitpnm1: Membrane-associated phosphatidylinositol transfer protein 1 (Rattus norvegicus OX%3D10116);Dbxref=Gene3D:G3DSA:3.30.530.20,Gene3D:G3DSA:3.40.50.1000,InterPro:IPR001666,InterPro:IPR004177,InterPro:IPR023214,InterPro:IPR023393,InterPro:IPR031315,InterPro:IPR036412,MobiDBLite:mobidb-lite,PRINTS:PR00391,Pfam:PF02121,Pfam:PF02862,ProSiteProfiles:PS51043,SMART:SM00775,SMART:SM01127,SUPERFAMILY:SSF55961,SUPERFAMILY:SSF56784;Ontology_term=GO:0005548,GO:0005622,GO:0015914,GO:0046872;",0.011160518993054638,0.04940988389453883,ID=OLUR_00005791;,NA,Alias=maker-Contig193-snap-gene-0.3;,NA,NA,Note=Similar to Pitpnm1: Membrane-associated phosphatidylinositol transfer protein 1 (Rattus norvegicus OX%3D10116);,"Ontology_term=GO:0005548,GO:0005622,GO:0015914,GO:0046872;","Dbxref=Gene3D:G3DSA:3.30.530.20,Gene3D:G3DSA:3.40.50.1000,InterPro:IPR001666,InterPro:IPR004177,InterPro:IPR023214,InterPro:IPR023393,InterPro:IPR031315,InterPro:IPR036412,MobiDBLite:mobidb-lite,PRINTS:PR00391,Pfam:PF02121,Pfam:PF02862,ProSiteProfiles:PS51043,SMART:SM00775,SMART:SM01127,SUPERFAMILY:SSF55961,SUPERFAMILY:SSF56784;",Q5EB73
OLUR_00006039,Contig17564,22629,27208,ID=OLUR_00006039;Name=OLUR_00006039;Alias=snap_masked-Contig17564-processed-gene-0.3;Note=Protein of unknown function;Dbxref=MobiDBLite:mobidb-lite;,1.7914219988382645e-11,8.027654757674959e-10,ID=OLUR_00006039;,NA,Alias=snap_masked-Contig17564-processed-gene-0.3;,NA,NA,Note=Protein of unknown function;,NA,Dbxref=MobiDBLite:mobidb-lite;,Q17DK5
OLUR_00006234,Contig25040,1,29810,"ID=OLUR_00006234;Name=OLUR_00006234;Alias=snap_masked-Contig25040-processed-gene-0.3;Note=Similar to Adamts20: A disintegrin and metalloproteinase with thrombospondin motifs 20 (Mus musculus OX%3D10090);Dbxref=Gene3D:G3DSA:2.20.100.10,InterPro:IPR000884,InterPro:IPR013273,InterPro:IPR036383,PRINTS:PR01857,ProSiteProfiles:PS50092,SMART:SM00209,SUPERFAMILY:SSF82895;",5.968863086970943e-4,0.005127896875089163,ID=OLUR_00006234;,NA,Alias=snap_masked-Contig25040-processed-gene-0.3;,NA,NA,Note=Similar to Adamts20: A disintegrin and metalloproteinase with thrombospondin motifs 20 (Mus musculus OX%3D10090);,NA,"Dbxref=Gene3D:G3DSA:2.20.100.10,InterPro:IPR000884,InterPro:IPR013273,InterPro:IPR036383,PRINTS:PR01857,ProSiteProfiles:PS50092,SMART:SM00209,SUPERFAMILY:SSF82895;",Q08093
OLUR_00006320,Contig19785,17453,29541,"ID=OLUR_00006320;Name=OLUR_00006320;Alias=maker-Contig19785-snap-gene-0.3;Note=Similar to FAT1: Protocadherin Fat 1 (Homo sapiens OX%3D9606);Dbxref=CDD:cd11304,Gene3D:G3DSA:2.60.40.60,InterPro:IPR002126,InterPro:IPR015919,InterPro:IPR020894,PRINTS:PR00205,Pfam:PF00028,ProSitePatterns:PS00232,ProSiteProfiles:PS50268,SMART:SM00112,SUPERFAMILY:SSF49313;Ontology_term=GO:0005509,GO:0005886,GO:0007155,GO:0007156,GO:0016020;",1.3217456396330048e-8,3.859544984177458e-7,ID=OLUR_00006320;,NA,Alias=maker-Contig19785-snap-gene-0.3;,NA,NA,Note=Similar to FAT1: Protocadherin Fat 1 (Homo sapiens OX%3D9606);,"Ontology_term=GO:0005509,GO:0005886,GO:0007155,GO:0007156,GO:0016020;","Dbxref=CDD:cd11304,Gene3D:G3DSA:2.60.40.60,InterPro:IPR002126,InterPro:IPR015919,InterPro:IPR020894,PRINTS:PR00205,Pfam:PF00028,ProSitePatterns:PS00232,ProSiteProfiles:PS50268,SMART:SM00112,SUPERFAMILY:SSF49313;",Q8VIK1
OLUR_00006422,Contig28218,17033,29253,"ID=OLUR_00006422;Name=OLUR_00006422;Alias=maker-Contig28218-snap-gene-0.3;Note=Similar to kidins220b: Kinase D-interacting substrate of 220 kDa B (Danio rerio OX%3D7955);Dbxref=InterPro:IPR011646,MobiDBLite:mobidb-lite,Pfam:PF07693;",2.4313797950396613e-6,4.57886274090298e-5,ID=OLUR_00006422;,NA,Alias=maker-Contig28218-snap-gene-0.3;,NA,NA,Note=Similar to kidins220b: Kinase D-interacting substrate of 220 kDa B (Danio rerio OX%3D7955);,NA,"Dbxref=InterPro:IPR011646,MobiDBLite:mobidb-lite,Pfam:PF07693;",Q90Y54
OLUR_00006664,Contig27916,1969,28688,"ID=OLUR_00006664;Name=OLUR_00006664;Alias=maker-Contig27916-snap-gene-0.2;Note=Similar to Sept7: Septin-7 (Mus musculus OX%3D10090);Dbxref=CDD:cd01850,Coils:Coil,Gene3D:G3DSA:3.40.50.300,InterPro:IPR016491,InterPro:IPR027417,InterPro:IPR030379,MobiDBLite:mobidb-lite,PIRSF:PIRSF006698,Pfam:PF00735,ProSiteProfiles:PS51719,SUPERFAMILY:SSF52540;Ontology_term=GO:0005525;",1.5124121704198529e-6,3.0486916875912737e-5,ID=OLUR_00006664;,NA,Alias=maker-Contig27916-snap-gene-0.2;,NA,NA,Note=Similar to Sept7: Septin-7 (Mus musculus OX%3D10090);,Ontology_term=GO:0005525;,"Dbxref=CDD:cd01850,Coils:Coil,Gene3D:G3DSA:3.40.50.300,InterPro:IPR016491,InterPro:IPR027417,InterPro:IPR030379,MobiDBLite:mobidb-lite,PIRSF:PIRSF006698,Pfam:PF00735,ProSiteProfiles:PS51719,SUPERFAMILY:SSF52540;",A2CEA7
OLUR_00006814,Contig27602,1,7825,"ID=OLUR_00006814;Name=OLUR_00006814;Alias=maker-Contig27602-snap-gene-0.3;Note=Similar to RF_0381: Putative ankyrin repeat protein RF_0381 (Rickettsia felis (strain ATCC VR-1525 / URRWXCal2) OX%3D315456);Dbxref=CDD:cd00204,CDD:cd03587,Gene3D:G3DSA:1.25.40.20,InterPro:IPR001496,InterPro:IPR002110,InterPro:IPR020683,InterPro:IPR036036,InterPro:IPR036770,Pfam:PF00023,Pfam:PF07525,Pfam:PF12796,ProSiteProfiles:PS50088,ProSiteProfiles:PS50225,ProSiteProfiles:PS50297,SMART:SM00248,SMART:SM00253,SMART:SM00969,SUPERFAMILY:SSF158235,SUPERFAMILY:SSF48403;Ontology_term=GO:0005515,GO:0035556;",0.003243241183543063,0.019724027303073734,ID=OLUR_00006814;,NA,Alias=maker-Contig27602-snap-gene-0.3;,NA,NA,Note=Similar to RF_0381: Putative ankyrin repeat protein RF_0381 (Rickettsia felis (strain ATCC VR-1525 / URRWXCal2) OX%3D315456);,"Ontology_term=GO:0005515,GO:0035556;","Dbxref=CDD:cd00204,CDD:cd03587,Gene3D:G3DSA:1.25.40.20,InterPro:IPR001496,InterPro:IPR002110,InterPro:IPR020683,InterPro:IPR036036,InterPro:IPR036770,Pfam:PF00023,Pfam:PF07525,Pfam:PF12796,ProSiteProfiles:PS50088,ProSiteProfiles:PS50225,ProSiteProfiles:PS50297,SMART:SM00248,SMART:SM00253,SMART:SM00969,SUPERFAMILY:SSF158235,SUPERFAMILY:SSF48403;",P10632
OLUR_00006815,Contig27602,12276,28380,"ID=OLUR_00006815;Name=OLUR_00006815;Alias=maker-Contig27602-snap-gene-0.4;Note=Similar to ZNF236: Zinc finger protein 236 (Homo sapiens OX%3D9606);Dbxref=Gene3D:G3DSA:3.30.160.60,InterPro:IPR013087,InterPro:IPR036236,Pfam:PF00096,ProSitePatterns:PS00028,ProSiteProfiles:PS50157,SMART:SM00355,SUPERFAMILY:SSF57667;Ontology_term=GO:0003676;",0.010681497831205254,0.04789207051424817,ID=OLUR_00006815;,NA,Alias=maker-Contig27602-snap-gene-0.4;,NA,NA,Note=Similar to ZNF236: Zinc finger protein 236 (Homo sapiens OX%3D9606);,Ontology_term=GO:0003676;,"Dbxref=Gene3D:G3DSA:3.30.160.60,InterPro:IPR013087,InterPro:IPR036236,Pfam:PF00096,ProSitePatterns:PS00028,ProSiteProfiles:PS50157,SMART:SM00355,SUPERFAMILY:SSF57667;",Q6IMH0
OLUR_00006895,Contig20179,1,4175,"ID=OLUR_00006895;Name=OLUR_00006895;Alias=snap_masked-Contig20179-processed-gene-0.0;Note=Similar to Polyubiquitin (Geodia cydonium OX%3D6047);Dbxref=CDD:cd01769,Gene3D:G3DSA:3.10.20.90,InterPro:IPR000626,InterPro:IPR029071,Pfam:PF00240,ProSiteProfiles:PS50053,SMART:SM00213,SUPERFAMILY:SSF54236;Ontology_term=GO:0005515;",0.0031355270930348215,0.019119269424811274,ID=OLUR_00006895;,NA,Alias=snap_masked-Contig20179-processed-gene-0.0;,NA,NA,Note=Similar to Polyubiquitin (Geodia cydonium OX%3D6047);,Ontology_term=GO:0005515;,"Dbxref=CDD:cd01769,Gene3D:G3DSA:3.10.20.90,InterPro:IPR000626,InterPro:IPR029071,Pfam:PF00240,ProSiteProfiles:PS50053,SMART:SM00213,SUPERFAMILY:SSF54236;",P32717
OLUR_00006925,Contig41020,3070,25629,"ID=OLUR_00006925;Name=OLUR_00006925;Alias=maker-Contig41020-snap-gene-0.9;Note=Similar to ADGRV1: Adhesion G-protein coupled receptor V1 (Homo sapiens OX%3D9606);Dbxref=Coils:Coil,Gene3D:G3DSA:2.60.40.2030,InterPro:IPR003644,InterPro:IPR005492,InterPro:IPR009039,InterPro:IPR038081,MobiDBLite:mobidb-lite,Pfam:PF03160,Pfam:PF03736,ProSiteProfiles:PS50912,SUPERFAMILY:SSF141072;Ontology_term=GO:0007154,GO:0016021;",0.0034848502580535922,0.02101331021291432,ID=OLUR_00006925;,NA,Alias=maker-Contig41020-snap-gene-0.9;,NA,NA,Note=Similar to ADGRV1: Adhesion G-protein coupled receptor V1 (Homo sapiens OX%3D9606);,"Ontology_term=GO:0007154,GO:0016021;","Dbxref=Coils:Coil,Gene3D:G3DSA:2.60.40.2030,InterPro:IPR003644,InterPro:IPR005492,InterPro:IPR009039,InterPro:IPR038081,MobiDBLite:mobidb-lite,Pfam:PF03160,Pfam:PF03736,ProSiteProfiles:PS50912,SUPERFAMILY:SSF141072;",Q9Y6R7
OLUR_00007044,Contig45477,1,26619,"ID=OLUR_00007044;Name=OLUR_00007044;Alias=maker-Contig45477-snap-gene-0.2;Note=Similar to PHF12: PHD finger protein 12 (Homo sapiens OX%3D9606);Dbxref=CDD:cd15534,Gene3D:G3DSA:1.10.10.1860,Gene3D:G3DSA:3.30.40.10,InterPro:IPR001965,InterPro:IPR011011,InterPro:IPR013083,InterPro:IPR019787,InterPro:IPR031966,InterPro:IPR038098,MobiDBLite:mobidb-lite,Pfam:PF00628,Pfam:PF16737,ProSiteProfiles:PS50016,SMART:SM00249,SUPERFAMILY:SSF57903;",0.0017474744990997038,0.012039563446310011,ID=OLUR_00007044;,NA,Alias=maker-Contig45477-snap-gene-0.2;,NA,NA,Note=Similar to PHF12: PHD finger protein 12 (Homo sapiens OX%3D9606);,NA,"Dbxref=CDD:cd15534,Gene3D:G3DSA:1.10.10.1860,Gene3D:G3DSA:3.30.40.10,InterPro:IPR001965,InterPro:IPR011011,InterPro:IPR013083,InterPro:IPR019787,InterPro:IPR031966,InterPro:IPR038098,MobiDBLite:mobidb-lite,Pfam:PF00628,Pfam:PF16737,ProSiteProfiles:PS50016,SMART:SM00249,SUPERFAMILY:SSF57903;",P18052
OLUR_00007064,Contig29869,77,26144,"ID=OLUR_00007064;Name=OLUR_00007064;Alias=maker-Contig29869-snap-gene-0.2;Note=Similar to HDLBP: Vigilin (Homo sapiens OX%3D9606);Dbxref=CDD:cd02394,Coils:Coil,Gene3D:G3DSA:3.30.1370.10,InterPro:IPR004087,InterPro:IPR004088,InterPro:IPR036612,MobiDBLite:mobidb-lite,Pfam:PF00013,ProSiteProfiles:PS50084,SMART:SM00322,SUPERFAMILY:SSF54791;Ontology_term=GO:0003676,GO:0003723;",0.0015338732491415074,0.010854535236816346,ID=OLUR_00007064;,NA,Alias=maker-Contig29869-snap-gene-0.2;,NA,NA,Note=Similar to HDLBP: Vigilin (Homo sapiens OX%3D9606);,"Ontology_term=GO:0003676,GO:0003723;","Dbxref=CDD:cd02394,Coils:Coil,Gene3D:G3DSA:3.30.1370.10,InterPro:IPR004087,InterPro:IPR004088,InterPro:IPR036612,MobiDBLite:mobidb-lite,Pfam:PF00013,ProSiteProfiles:PS50084,SMART:SM00322,SUPERFAMILY:SSF54791;",A7RHB3
OLUR_00007143,Contig25616,4867,12626,ID=OLUR_00007143;Name=OLUR_00007143;Alias=maker-Contig25616-snap-gene-0.5;Note=Protein of unknown function;,5.539924820236144e-4,0.0048027526161286225,ID=OLUR_00007143;,NA,Alias=maker-Contig25616-snap-gene-0.5;,NA,NA,Note=Protein of unknown function;,NA,NA,L7YAI7
OLUR_00007241,Contig26432,19578,25654,ID=OLUR_00007241;Name=OLUR_00007241;Alias=snap_masked-Contig26432-processed-gene-0.4;Note=Protein of unknown function;Dbxref=MobiDBLite:mobidb-lite;,0.008064231699213515,0.03841433339168935,ID=OLUR_00007241;,NA,Alias=snap_masked-Contig26432-processed-gene-0.4;,NA,NA,Note=Protein of unknown function;,NA,Dbxref=MobiDBLite:mobidb-lite;,Q6Z7K5
OLUR_00007272,Contig36532,630,23020,"ID=OLUR_00007272;Name=OLUR_00007272;Alias=maker-Contig36532-snap-gene-0.5;Note=Similar to Rnft2: RING finger and transmembrane domain-containing protein 2 (Mus musculus OX%3D10090);Dbxref=CDD:cd16532,Gene3D:G3DSA:3.30.40.10,InterPro:IPR001841,InterPro:IPR013083,InterPro:IPR017907,MobiDBLite:mobidb-lite,Pfam:PF13920,ProSitePatterns:PS00518,ProSiteProfiles:PS50089,SMART:SM00184,SUPERFAMILY:SSF57850;",0.00736429955768962,0.03619941475075812,ID=OLUR_00007272;,NA,Alias=maker-Contig36532-snap-gene-0.5;,NA,NA,Note=Similar to Rnft2: RING finger and transmembrane domain-containing protein 2 (Mus musculus OX%3D10090);,NA,"Dbxref=CDD:cd16532,Gene3D:G3DSA:3.30.40.10,InterPro:IPR001841,InterPro:IPR013083,InterPro:IPR017907,MobiDBLite:mobidb-lite,Pfam:PF13920,ProSitePatterns:PS00518,ProSiteProfiles:PS50089,SMART:SM00184,SUPERFAMILY:SSF57850;",Q91044
OLUR_00007421,Contig61889,1,9407,ID=OLUR_00007421;Name=OLUR_00007421;Alias=maker-Contig61889-snap-gene-0.3;Note=Similar to Rims2: Regulating synaptic membrane exocytosis protein 2 (Rattus norvegicus OX%3D10116);Dbxref=MobiDBLite:mobidb-lite;,0.009304772785804471,0.04347355263974603,ID=OLUR_00007421;,NA,Alias=maker-Contig61889-snap-gene-0.3;,NA,NA,Note=Similar to Rims2: Regulating synaptic membrane exocytosis protein 2 (Rattus norvegicus OX%3D10116);,NA,Dbxref=MobiDBLite:mobidb-lite;,Q29076
OLUR_00007546,Contig1460,1,26671,ID=OLUR_00007546;Name=OLUR_00007546;Alias=maker-Contig1460-snap-gene-0.2;Note=Protein of unknown function;Dbxref=MobiDBLite:mobidb-lite;,0.0051398439762073015,0.02753220397453825,ID=OLUR_00007546;,NA,Alias=maker-Contig1460-snap-gene-0.2;,NA,NA,Note=Protein of unknown function;,NA,Dbxref=MobiDBLite:mobidb-lite;,Q5EA25
OLUR_00007793,Contig30369,9452,26113,"ID=OLUR_00007793;Name=OLUR_00007793;Alias=maker-Contig30369-snap-gene-0.3;Note=Similar to Kif21a: Kinesin-like protein KIF21A (Mus musculus OX%3D10090);Dbxref=Coils:Coil,MobiDBLite:mobidb-lite;",0.001707410883662214,0.011818907088148754,ID=OLUR_00007793;,NA,Alias=maker-Contig30369-snap-gene-0.3;,NA,NA,Note=Similar to Kif21a: Kinesin-like protein KIF21A (Mus musculus OX%3D10090);,NA,"Dbxref=Coils:Coil,MobiDBLite:mobidb-lite;",Q7TPV2
OLUR_00007914,Contig650,7752,24388,"ID=OLUR_00007914;Name=OLUR_00007914;Alias=maker-Contig650-snap-gene-0.2;Note=Similar to Thsd4: Thrombospondin type-1 domain-containing protein 4 (Mus musculus OX%3D10090);Dbxref=Gene3D:G3DSA:2.20.100.10,InterPro:IPR000884,InterPro:IPR010909,InterPro:IPR036383,Pfam:PF00090,Pfam:PF08686,ProSiteProfiles:PS50092,ProSiteProfiles:PS50900,SMART:SM00209,SUPERFAMILY:SSF82895;Ontology_term=GO:0008233;",0.001356728942137528,0.009806882974512416,ID=OLUR_00007914;,NA,Alias=maker-Contig650-snap-gene-0.2;,NA,NA,Note=Similar to Thsd4: Thrombospondin type-1 domain-containing protein 4 (Mus musculus OX%3D10090);,Ontology_term=GO:0008233;,"Dbxref=Gene3D:G3DSA:2.20.100.10,InterPro:IPR000884,InterPro:IPR010909,InterPro:IPR036383,Pfam:PF00090,Pfam:PF08686,ProSiteProfiles:PS50092,ProSiteProfiles:PS50900,SMART:SM00209,SUPERFAMILY:SSF82895;",O43301
OLUR_00008364,Contig28669,3835,25022,"ID=OLUR_00008364;Name=OLUR_00008364;Alias=maker-Contig28669-snap-gene-0.4;Note=Similar to usp30: Ubiquitin carboxyl-terminal hydrolase 30 (Xenopus tropicalis OX%3D8364);Dbxref=CDD:cd02257,InterPro:IPR001394,InterPro:IPR018200,InterPro:IPR028889,InterPro:IPR038765,Pfam:PF00443,ProSitePatterns:PS00973,ProSiteProfiles:PS50235,SUPERFAMILY:SSF54001;Ontology_term=GO:0006511,GO:0016579,GO:0036459;",0.0019386110198666602,0.013171318970341437,ID=OLUR_00008364;,NA,Alias=maker-Contig28669-snap-gene-0.4;,NA,NA,Note=Similar to usp30: Ubiquitin carboxyl-terminal hydrolase 30 (Xenopus tropicalis OX%3D8364);,"Ontology_term=GO:0006511,GO:0016579,GO:0036459;","Dbxref=CDD:cd02257,InterPro:IPR001394,InterPro:IPR018200,InterPro:IPR028889,InterPro:IPR038765,Pfam:PF00443,ProSitePatterns:PS00973,ProSiteProfiles:PS50235,SUPERFAMILY:SSF54001;",Q86Z23
OLUR_00008393,Contig31621,3362,23838,"ID=OLUR_00008393;Name=OLUR_00008393;Alias=maker-Contig31621-snap-gene-0.4;Note=Similar to Parp12: Poly [ADP-ribose] polymerase 12 (Mus musculus OX%3D10090);Dbxref=CDD:cd01439,Gene3D:G3DSA:3.90.228.10,InterPro:IPR000571,InterPro:IPR004170,InterPro:IPR012317,InterPro:IPR037197,MobiDBLite:mobidb-lite,Pfam:PF00644,ProSiteProfiles:PS50103,ProSiteProfiles:PS50918,ProSiteProfiles:PS51059,SUPERFAMILY:SSF117839,SUPERFAMILY:SSF56399;Ontology_term=GO:0003950,GO:0046872;",0.009684910350081231,0.04461600495381496,ID=OLUR_00008393;,NA,Alias=maker-Contig31621-snap-gene-0.4;,NA,NA,Note=Similar to Parp12: Poly [ADP-ribose] polymerase 12 (Mus musculus OX%3D10090);,"Ontology_term=GO:0003950,GO:0046872;","Dbxref=CDD:cd01439,Gene3D:G3DSA:3.90.228.10,InterPro:IPR000571,InterPro:IPR004170,InterPro:IPR012317,InterPro:IPR037197,MobiDBLite:mobidb-lite,Pfam:PF00644,ProSiteProfiles:PS50103,ProSiteProfiles:PS50918,ProSiteProfiles:PS51059,SUPERFAMILY:SSF117839,SUPERFAMILY:SSF56399;",Q5JU85
OLUR_00008501,Contig19670,5681,22483,"ID=OLUR_00008501;Name=OLUR_00008501;Alias=maker-Contig19670-snap-gene-0.4;Note=Similar to TFB1M: Dimethyladenosine transferase 1%2C mitochondrial (Homo sapiens OX%3D9606);Dbxref=CDD:cd02440,Gene3D:G3DSA:1.10.8.100,Gene3D:G3DSA:3.40.50.150,InterPro:IPR001737,InterPro:IPR020598,InterPro:IPR023165,InterPro:IPR029063,Pfam:PF00398,ProSiteProfiles:PS51689,SMART:SM00650,SUPERFAMILY:SSF53335;Ontology_term=GO:0000154,GO:0000179,GO:0008649;",0.010912725665588784,0.04857874603528612,ID=OLUR_00008501;,NA,Alias=maker-Contig19670-snap-gene-0.4;,NA,NA,Note=Similar to TFB1M: Dimethyladenosine transferase 1%2C mitochondrial (Homo sapiens OX%3D9606);,"Ontology_term=GO:0000154,GO:0000179,GO:0008649;","Dbxref=CDD:cd02440,Gene3D:G3DSA:1.10.8.100,Gene3D:G3DSA:3.40.50.150,InterPro:IPR001737,InterPro:IPR020598,InterPro:IPR023165,InterPro:IPR029063,Pfam:PF00398,ProSiteProfiles:PS51689,SMART:SM00650,SUPERFAMILY:SSF53335;",Q3B8G0
OLUR_00008688,Contig52274,1,16223,ID=OLUR_00008688;Name=OLUR_00008688;Alias=snap_masked-Contig52274-processed-gene-0.1;Note=Protein of unknown function;Dbxref=MobiDBLite:mobidb-lite;,0.0028164813506483775,0.017652932510437352,ID=OLUR_00008688;,NA,Alias=snap_masked-Contig52274-processed-gene-0.1;,NA,NA,Note=Protein of unknown function;,NA,Dbxref=MobiDBLite:mobidb-lite;,G5EFC3
OLUR_00008978,Contig54529,1671,22897,"ID=OLUR_00008978;Name=OLUR_00008978;Alias=maker-Contig54529-snap-gene-0.3;Note=Similar to Dyrk1a: Dual specificity tyrosine-phosphorylation-regulated kinase 1A (Rattus norvegicus OX%3D10116);Dbxref=CDD:cd14226,Gene3D:G3DSA:1.10.510.10,Gene3D:G3DSA:3.30.200.20,InterPro:IPR000719,InterPro:IPR008271,InterPro:IPR011009,InterPro:IPR017441,MobiDBLite:mobidb-lite,Pfam:PF00069,ProSitePatterns:PS00107,ProSitePatterns:PS00108,ProSiteProfiles:PS50011,SMART:SM00220,SUPERFAMILY:SSF56112;Ontology_term=GO:0004672,GO:0005524,GO:0006468;",5.271536658910034e-4,0.004582356181149254,ID=OLUR_00008978;,NA,Alias=maker-Contig54529-snap-gene-0.3;,NA,NA,Note=Similar to Dyrk1a: Dual specificity tyrosine-phosphorylation-regulated kinase 1A (Rattus norvegicus OX%3D10116);,"Ontology_term=GO:0004672,GO:0005524,GO:0006468;","Dbxref=CDD:cd14226,Gene3D:G3DSA:1.10.510.10,Gene3D:G3DSA:3.30.200.20,InterPro:IPR000719,InterPro:IPR008271,InterPro:IPR011009,InterPro:IPR017441,MobiDBLite:mobidb-lite,Pfam:PF00069,ProSitePatterns:PS00107,ProSitePatterns:PS00108,ProSiteProfiles:PS50011,SMART:SM00220,SUPERFAMILY:SSF56112;",F1QYJ6
OLUR_00009092,Contig17607,840,9974,"ID=OLUR_00009092;Name=OLUR_00009092;Alias=snap_masked-Contig17607-processed-gene-0.0;Note=Similar to GPATCH8: G patch domain-containing protein 8 (Homo sapiens OX%3D9606);Dbxref=Coils:Coil,MobiDBLite:mobidb-lite;",0.002145109994783314,0.013969985662483765,ID=OLUR_00009092;,NA,Alias=snap_masked-Contig17607-processed-gene-0.0;,NA,NA,Note=Similar to GPATCH8: G patch domain-containing protein 8 (Homo sapiens OX%3D9606);,NA,"Dbxref=Coils:Coil,MobiDBLite:mobidb-lite;",Q5ZKJ5
OLUR_00009397,Contig19512,1,23129,"ID=OLUR_00009397;Name=OLUR_00009397;Alias=maker-Contig19512-snap-gene-0.7;Note=Similar to ALMS1: Alstrom syndrome protein 1 (Homo sapiens OX%3D9606);Dbxref=Coils:Coil,MobiDBLite:mobidb-lite;",7.663477520071514e-4,0.006334802035881292,ID=OLUR_00009397;,NA,Alias=maker-Contig19512-snap-gene-0.7;,NA,NA,Note=Similar to ALMS1: Alstrom syndrome protein 1 (Homo sapiens OX%3D9606);,NA,"Dbxref=Coils:Coil,MobiDBLite:mobidb-lite;",Q5RF16
OLUR_00009601,Contig50494,17233,22762,ID=OLUR_00009601;Name=OLUR_00009601;Alias=snap_masked-Contig50494-processed-gene-0.1;Note=Protein of unknown function;Dbxref=MobiDBLite:mobidb-lite;,0.002950207044225665,0.01829264061113016,ID=OLUR_00009601;,NA,Alias=snap_masked-Contig50494-processed-gene-0.1;,NA,NA,Note=Protein of unknown function;,NA,Dbxref=MobiDBLite:mobidb-lite;,Q7T3B0
OLUR_00010070,Contig19486,1,17575,"ID=OLUR_00010070;Name=OLUR_00010070;Alias=maker-Contig19486-snap-gene-0.2;Note=Similar to bcar3: Breast cancer anti-estrogen resistance protein 3 homolog (Xenopus laevis OX%3D8355);Dbxref=CDD:cd09487,Gene3D:G3DSA:1.10.150.50,Gene3D:G3DSA:1.10.840.10,Gene3D:G3DSA:3.30.505.10,InterPro:IPR000980,InterPro:IPR001660,InterPro:IPR001895,InterPro:IPR013761,InterPro:IPR023578,InterPro:IPR036860,InterPro:IPR036964,MobiDBLite:mobidb-lite,PRINTS:PR00401,Pfam:PF00017,Pfam:PF00536,Pfam:PF00617,ProSiteProfiles:PS50001,ProSiteProfiles:PS50009,ProSiteProfiles:PS50105,SMART:SM00147,SMART:SM00252,SMART:SM00454,SUPERFAMILY:SSF47769,SUPERFAMILY:SSF48366,SUPERFAMILY:SSF55550;Ontology_term=GO:0005085,GO:0005515,GO:0007264;",9.083895913706862e-4,0.007321882620629592,ID=OLUR_00010070;,NA,Alias=maker-Contig19486-snap-gene-0.2;,NA,NA,Note=Similar to bcar3: Breast cancer anti-estrogen resistance protein 3 homolog (Xenopus laevis OX%3D8355);,"Ontology_term=GO:0005085,GO:0005515,GO:0007264;","Dbxref=CDD:cd09487,Gene3D:G3DSA:1.10.150.50,Gene3D:G3DSA:1.10.840.10,Gene3D:G3DSA:3.30.505.10,InterPro:IPR000980,InterPro:IPR001660,InterPro:IPR001895,InterPro:IPR013761,InterPro:IPR023578,InterPro:IPR036860,InterPro:IPR036964,MobiDBLite:mobidb-lite,PRINTS:PR00401,Pfam:PF00017,Pfam:PF00536,Pfam:PF00617,ProSiteProfiles:PS50001,ProSiteProfiles:PS50009,ProSiteProfiles:PS50105,SMART:SM00147,SMART:SM00252,SMART:SM00454,SUPERFAMILY:SSF47769,SUPERFAMILY:SSF48366,SUPERFAMILY:SSF55550;",E7FE13
OLUR_00010257,Contig54253,736,16382,"ID=OLUR_00010257;Name=OLUR_00010257;Alias=maker-Contig54253-snap-gene-0.4;Note=Similar to RGS22: Regulator of G-protein signaling 22 (Homo sapiens OX%3D9606);Dbxref=Gene3D:G3DSA:1.20.58.1850,InterPro:IPR016137,InterPro:IPR036305,MobiDBLite:mobidb-lite,Pfam:PF00615,ProSiteProfiles:PS50132,SMART:SM00315,SUPERFAMILY:SSF48097;",0.002630220396307189,0.016659778915842364,ID=OLUR_00010257;,NA,Alias=maker-Contig54253-snap-gene-0.4;,NA,NA,Note=Similar to RGS22: Regulator of G-protein signaling 22 (Homo sapiens OX%3D9606);,NA,"Dbxref=Gene3D:G3DSA:1.20.58.1850,InterPro:IPR016137,InterPro:IPR036305,MobiDBLite:mobidb-lite,Pfam:PF00615,ProSiteProfiles:PS50132,SMART:SM00315,SUPERFAMILY:SSF48097;",Q8NFU1
OLUR_00010353,Contig27660,1981,18993,ID=OLUR_00010353;Name=OLUR_00010353;Alias=maker-Contig27660-snap-gene-0.2;Note=Similar to Dtnb: Dystrobrevin beta (Rattus norvegicus OX%3D10116);Dbxref=MobiDBLite:mobidb-lite;,2.2001707620690635e-5,2.919783627398789e-4,ID=OLUR_00010353;,NA,Alias=maker-Contig27660-snap-gene-0.2;,NA,NA,Note=Similar to Dtnb: Dystrobrevin beta (Rattus norvegicus OX%3D10116);,NA,Dbxref=MobiDBLite:mobidb-lite;,Q9H2S1
OLUR_00010550,Contig26355,3391,14367,ID=OLUR_00010550;Name=OLUR_00010550;Alias=maker-Contig26355-snap-gene-0.5;Note=Protein of unknown function;Dbxref=MobiDBLite:mobidb-lite;,5.1634340886122315e-11,2.2514521092043145e-9,ID=OLUR_00010550;,NA,Alias=maker-Contig26355-snap-gene-0.5;,NA,NA,Note=Protein of unknown function;,NA,Dbxref=MobiDBLite:mobidb-lite;,P07207
OLUR_00010551,Contig26355,10466,14760,ID=OLUR_00010551;Name=OLUR_00010551;Alias=maker-Contig26355-snap-gene-0.6;Note=Protein of unknown function;Dbxref=MobiDBLite:mobidb-lite;,5.1634340886122315e-11,2.2514521092043145e-9,ID=OLUR_00010551;,NA,Alias=maker-Contig26355-snap-gene-0.6;,NA,NA,Note=Protein of unknown function;,NA,Dbxref=MobiDBLite:mobidb-lite;,Q9NXK8
OLUR_00010809,Contig915,1,20855,"ID=OLUR_00010809;Name=OLUR_00010809;Alias=maker-Contig915-snap-gene-0.2;Note=Similar to Megf6: Multiple epidermal growth factor-like domains protein 6 (Rattus norvegicus OX%3D10116);Dbxref=Gene3D:G3DSA:2.170.300.10,InterPro:IPR000742,InterPro:IPR002049,InterPro:IPR013032,PRINTS:PR00011,Pfam:PF00053,ProSitePatterns:PS00022,ProSitePatterns:PS01186,ProSiteProfiles:PS50026,SMART:SM00180,SMART:SM00181;",0.0015093376270603198,0.010756191538746606,ID=OLUR_00010809;,NA,Alias=maker-Contig915-snap-gene-0.2;,NA,NA,Note=Similar to Megf6: Multiple epidermal growth factor-like domains protein 6 (Rattus norvegicus OX%3D10116);,NA,"Dbxref=Gene3D:G3DSA:2.170.300.10,InterPro:IPR000742,InterPro:IPR002049,InterPro:IPR013032,PRINTS:PR00011,Pfam:PF00053,ProSitePatterns:PS00022,ProSitePatterns:PS01186,ProSiteProfiles:PS50026,SMART:SM00180,SMART:SM00181;",P03957
OLUR_00010852,Contig60796,1,7474,ID=OLUR_00010852;Name=OLUR_00010852;Alias=maker-Contig60796-snap-gene-0.7;Note=Protein of unknown function;,1.477132154036464e-5,2.1448726203884586e-4,ID=OLUR_00010852;,NA,Alias=maker-Contig60796-snap-gene-0.7;,NA,NA,Note=Protein of unknown function;,NA,NA,P08183
OLUR_00010858,Contig30084,1,14368,ID=OLUR_00010858;Name=OLUR_00010858;Alias=maker-Contig30084-snap-gene-0.2;Note=Protein of unknown function;Dbxref=MobiDBLite:mobidb-lite;,6.263578592440284e-4,0.005271899630067974,ID=OLUR_00010858;,NA,Alias=maker-Contig30084-snap-gene-0.2;,NA,NA,Note=Protein of unknown function;,NA,Dbxref=MobiDBLite:mobidb-lite;,Q0V9W6
OLUR_00010859,Contig30084,1,17785,"ID=OLUR_00010859;Name=OLUR_00010859;Alias=snap_masked-Contig30084-processed-gene-0.0;Note=Protein of unknown function;Dbxref=InterPro:IPR001496,Pfam:PF07525;",6.263578592440284e-4,0.005271899630067974,ID=OLUR_00010859;,NA,Alias=snap_masked-Contig30084-processed-gene-0.0;,NA,NA,Note=Protein of unknown function;,NA,"Dbxref=InterPro:IPR001496,Pfam:PF07525;",Q80YE7
OLUR_00011015,Contig60548,6334,19864,"ID=OLUR_00011015;Name=OLUR_00011015;Alias=maker-Contig60548-snap-gene-0.3;Note=Similar to Amot: Angiomotin (Mus musculus OX%3D10090);Dbxref=Coils:Coil,InterPro:IPR009114,InterPro:IPR024646,MobiDBLite:mobidb-lite,PRINTS:PR01807,Pfam:PF12240;",2.910088094218619e-4,0.0028332466677914166,ID=OLUR_00011015;,NA,Alias=maker-Contig60548-snap-gene-0.3;,NA,NA,Note=Similar to Amot: Angiomotin (Mus musculus OX%3D10090);,NA,"Dbxref=Coils:Coil,InterPro:IPR009114,InterPro:IPR024646,MobiDBLite:mobidb-lite,PRINTS:PR01807,Pfam:PF12240;",Q86YI8
OLUR_00011066,Contig1181,1,5712,"ID=OLUR_00011066;Name=OLUR_00011066;Alias=maker-Contig1181-snap-gene-0.3;Note=Similar to jing: Zinc finger protein jing (Drosophila melanogaster OX%3D7227);Dbxref=Gene3D:G3DSA:3.30.160.60,InterPro:IPR013087,InterPro:IPR036236,MobiDBLite:mobidb-lite,ProSitePatterns:PS00028,SMART:SM00355,SUPERFAMILY:SSF57667;Ontology_term=GO:0003676;",1.6629034778829222e-7,3.788843600241131e-6,ID=OLUR_00011066;,NA,Alias=maker-Contig1181-snap-gene-0.3;,NA,NA,Note=Similar to jing: Zinc finger protein jing (Drosophila melanogaster OX%3D7227);,Ontology_term=GO:0003676;,"Dbxref=Gene3D:G3DSA:3.30.160.60,InterPro:IPR013087,InterPro:IPR036236,MobiDBLite:mobidb-lite,ProSitePatterns:PS00028,SMART:SM00355,SUPERFAMILY:SSF57667;",P83425
OLUR_00011119,Contig32060,1,20397,"ID=OLUR_00011119;Name=OLUR_00011119;Alias=snap_masked-Contig32060-processed-gene-0.1;Note=Similar to shroom2: Protein Shroom2 (Xenopus tropicalis OX%3D8364);Dbxref=Coils:Coil,InterPro:IPR014799,MobiDBLite:mobidb-lite,Pfam:PF08687,ProSiteProfiles:PS51307;",0.005104365886030832,0.02753220397453825,ID=OLUR_00011119;,NA,Alias=snap_masked-Contig32060-processed-gene-0.1;,NA,NA,Note=Similar to shroom2: Protein Shroom2 (Xenopus tropicalis OX%3D8364);,NA,"Dbxref=Coils:Coil,InterPro:IPR014799,MobiDBLite:mobidb-lite,Pfam:PF08687,ProSiteProfiles:PS51307;",P20918
OLUR_00011153,Contig37344,17464,20363,"ID=OLUR_00011153;Name=OLUR_00011153;Alias=snap_masked-Contig37344-processed-gene-0.2;Note=Similar to GT15: Probable xyloglucan galactosyltransferase GT15 (Arabidopsis thaliana OX%3D3702);Dbxref=InterPro:IPR004263,Pfam:PF03016;Ontology_term=GO:0006486,GO:0016757;",0.0011709867710047773,0.008737570569439246,ID=OLUR_00011153;,NA,Alias=snap_masked-Contig37344-processed-gene-0.2;,NA,NA,Note=Similar to GT15: Probable xyloglucan galactosyltransferase GT15 (Arabidopsis thaliana OX%3D3702);,"Ontology_term=GO:0006486,GO:0016757;","Dbxref=InterPro:IPR004263,Pfam:PF03016;",Q9HAS3
OLUR_00011341,Contig695,1,20057,"ID=OLUR_00011341;Name=OLUR_00011341;Alias=maker-Contig695-snap-gene-0.3;Note=Similar to ttn-1: Titin homolog (Caenorhabditis elegans OX%3D6239);Dbxref=CDD:cd00096,Coils:Coil,Gene3D:G3DSA:2.60.40.10,InterPro:IPR003598,InterPro:IPR003599,InterPro:IPR007110,InterPro:IPR013098,InterPro:IPR013783,InterPro:IPR022189,InterPro:IPR036179,MobiDBLite:mobidb-lite,Pfam:PF07679,Pfam:PF12510,ProSiteProfiles:PS50835,SMART:SM00408,SMART:SM00409,SUPERFAMILY:SSF48726;",4.786101830042557e-5,5.69005681430886e-4,ID=OLUR_00011341;,NA,Alias=maker-Contig695-snap-gene-0.3;,NA,NA,Note=Similar to ttn-1: Titin homolog (Caenorhabditis elegans OX%3D6239);,NA,"Dbxref=CDD:cd00096,Coils:Coil,Gene3D:G3DSA:2.60.40.10,InterPro:IPR003598,InterPro:IPR003599,InterPro:IPR007110,InterPro:IPR013098,InterPro:IPR013783,InterPro:IPR022189,InterPro:IPR036179,MobiDBLite:mobidb-lite,Pfam:PF07679,Pfam:PF12510,ProSiteProfiles:PS50835,SMART:SM00408,SMART:SM00409,SUPERFAMILY:SSF48726;",Q5RDC1
OLUR_00011398,Contig26653,1,8608,"ID=OLUR_00011398;Name=OLUR_00011398;Alias=snap_masked-Contig26653-processed-gene-0.0;Note=Similar to Rgs12: Regulator of G-protein signaling 12 (Rattus norvegicus OX%3D10116);Dbxref=CDD:cd00992,CDD:cd13162,Gene3D:G3DSA:2.30.29.30,Gene3D:G3DSA:2.30.42.10,InterPro:IPR001478,InterPro:IPR006020,InterPro:IPR011993,InterPro:IPR036034,MobiDBLite:mobidb-lite,Pfam:PF00595,Pfam:PF00640,ProSiteProfiles:PS01179,ProSiteProfiles:PS50106,SMART:SM00228,SMART:SM00462,SUPERFAMILY:SSF50156,SUPERFAMILY:SSF50729;Ontology_term=GO:0005515;",3.2276551905970795e-5,4.2073954889838e-4,ID=OLUR_00011398;,NA,Alias=snap_masked-Contig26653-processed-gene-0.0;,NA,NA,Note=Similar to Rgs12: Regulator of G-protein signaling 12 (Rattus norvegicus OX%3D10116);,Ontology_term=GO:0005515;,"Dbxref=CDD:cd00992,CDD:cd13162,Gene3D:G3DSA:2.30.29.30,Gene3D:G3DSA:2.30.42.10,InterPro:IPR001478,InterPro:IPR006020,InterPro:IPR011993,InterPro:IPR036034,MobiDBLite:mobidb-lite,Pfam:PF00595,Pfam:PF00640,ProSiteProfiles:PS01179,ProSiteProfiles:PS50106,SMART:SM00228,SMART:SM00462,SUPERFAMILY:SSF50156,SUPERFAMILY:SSF50729;",Q5ZL74
OLUR_00012083,Contig51862,1,19023,"ID=OLUR_00012083;Name=OLUR_00012083;Alias=maker-Contig51862-snap-gene-0.2;Note=Similar to LanA: Laminin subunit alpha (Drosophila melanogaster OX%3D7227);Dbxref=CDD:cd00055,Gene3D:G3DSA:2.10.25.10,Gene3D:G3DSA:2.170.300.10,Gene3D:G3DSA:2.60.120.1490,InterPro:IPR000742,InterPro:IPR002049,InterPro:IPR008211,InterPro:IPR038684,PRINTS:PR00011,Pfam:PF00053,Pfam:PF00055,ProSitePatterns:PS01248,ProSiteProfiles:PS50027,ProSiteProfiles:PS51117,SMART:SM00136,SMART:SM00180,SMART:SM00181,SUPERFAMILY:SSF57196;",1.7734534702684054e-4,0.001864142741295126,ID=OLUR_00012083;,NA,Alias=maker-Contig51862-snap-gene-0.2;,NA,NA,Note=Similar to LanA: Laminin subunit alpha (Drosophila melanogaster OX%3D7227);,NA,"Dbxref=CDD:cd00055,Gene3D:G3DSA:2.10.25.10,Gene3D:G3DSA:2.170.300.10,Gene3D:G3DSA:2.60.120.1490,InterPro:IPR000742,InterPro:IPR002049,InterPro:IPR008211,InterPro:IPR038684,PRINTS:PR00011,Pfam:PF00053,Pfam:PF00055,ProSitePatterns:PS01248,ProSiteProfiles:PS50027,ProSiteProfiles:PS51117,SMART:SM00136,SMART:SM00180,SMART:SM00181,SUPERFAMILY:SSF57196;",Q02858
OLUR_00012117,Contig31246,1,8547,"ID=OLUR_00012117;Name=OLUR_00012117;Alias=snap_masked-Contig31246-processed-gene-0.0;Note=Similar to SVIL: Supervillin (Bos taurus OX%3D9913);Dbxref=Gene3D:G3DSA:3.40.20.10,InterPro:IPR007123,InterPro:IPR029006,Pfam:PF00626,SUPERFAMILY:SSF55753;",0.004120150955942355,0.023694163531560425,ID=OLUR_00012117;,NA,Alias=snap_masked-Contig31246-processed-gene-0.0;,NA,NA,Note=Similar to SVIL: Supervillin (Bos taurus OX%3D9913);,NA,"Dbxref=Gene3D:G3DSA:3.40.20.10,InterPro:IPR007123,InterPro:IPR029006,Pfam:PF00626,SUPERFAMILY:SSF55753;",Q99958
OLUR_00012376,Contig52109,5551,18623,"ID=OLUR_00012376;Name=OLUR_00012376;Alias=maker-Contig52109-snap-gene-0.3;Note=Similar to PIG-Z: GPI mannosyltransferase 4 (Drosophila melanogaster OX%3D7227);Dbxref=InterPro:IPR005599,Pfam:PF03901;Ontology_term=GO:0016757;",0.0054113286139139,0.028588851400158443,ID=OLUR_00012376;,NA,Alias=maker-Contig52109-snap-gene-0.3;,NA,NA,Note=Similar to PIG-Z: GPI mannosyltransferase 4 (Drosophila melanogaster OX%3D7227);,Ontology_term=GO:0016757;,"Dbxref=InterPro:IPR005599,Pfam:PF03901;",O75293
OLUR_00012552,Contig3469,1,18404,"ID=OLUR_00012552;Name=OLUR_00012552;Alias=maker-Contig3469-snap-gene-0.2;Note=Similar to COX11: Cytochrome c oxidase assembly protein COX11%2C mitochondrial (Bos taurus OX%3D9913);Dbxref=Gene3D:G3DSA:2.60.370.10,InterPro:IPR007533,InterPro:IPR023471,Pfam:PF04442,SUPERFAMILY:SSF110111;Ontology_term=GO:0005507;",4.937308321977796e-4,0.004434804926409484,ID=OLUR_00012552;,NA,Alias=maker-Contig3469-snap-gene-0.2;,NA,NA,Note=Similar to COX11: Cytochrome c oxidase assembly protein COX11%2C mitochondrial (Bos taurus OX%3D9913);,Ontology_term=GO:0005507;,"Dbxref=Gene3D:G3DSA:2.60.370.10,InterPro:IPR007533,InterPro:IPR023471,Pfam:PF04442,SUPERFAMILY:SSF110111;",Q6YHK3
OLUR_00012910,Contig32850,4660,9984,ID=OLUR_00012910;Name=OLUR_00012910;Alias=maker-Contig32850-snap-gene-0.7;Note=Protein of unknown function;,0.009209456564604042,0.04312051486124445,ID=OLUR_00012910;,NA,Alias=maker-Contig32850-snap-gene-0.7;,NA,NA,Note=Protein of unknown function;,NA,NA,P13648
OLUR_00012954,Contig67758,3541,8755,"ID=OLUR_00012954;Name=OLUR_00012954;Alias=snap_masked-Contig67758-processed-gene-0.0;Note=Similar to ZBTB45: Zinc finger and BTB domain-containing protein 45 (Homo sapiens OX%3D9606);Dbxref=Gene3D:G3DSA:3.30.160.60,InterPro:IPR013087,InterPro:IPR036236,MobiDBLite:mobidb-lite,Pfam:PF00096,Pfam:PF13894,ProSitePatterns:PS00028,ProSiteProfiles:PS50157,SMART:SM00355,SUPERFAMILY:SSF57667;Ontology_term=GO:0003676;",4.5718469808147963e-4,0.004120265660648522,ID=OLUR_00012954;,NA,Alias=snap_masked-Contig67758-processed-gene-0.0;,NA,NA,Note=Similar to ZBTB45: Zinc finger and BTB domain-containing protein 45 (Homo sapiens OX%3D9606);,Ontology_term=GO:0003676;,"Dbxref=Gene3D:G3DSA:3.30.160.60,InterPro:IPR013087,InterPro:IPR036236,MobiDBLite:mobidb-lite,Pfam:PF00096,Pfam:PF13894,ProSitePatterns:PS00028,ProSiteProfiles:PS50157,SMART:SM00355,SUPERFAMILY:SSF57667;",P98156
OLUR_00012993,Contig71414,1,15369,"ID=OLUR_00012993;Name=OLUR_00012993;Alias=maker-Contig71414-snap-gene-0.2;Note=Similar to neur: Protein neuralized (Drosophila melanogaster OX%3D7227);Dbxref=Gene3D:G3DSA:2.60.120.920,InterPro:IPR006573,Pfam:PF07177,ProSiteProfiles:PS51065,SMART:SM00588;",4.42885613651128e-6,7.64627595734717e-5,ID=OLUR_00012993;,NA,Alias=maker-Contig71414-snap-gene-0.2;,NA,NA,Note=Similar to neur: Protein neuralized (Drosophila melanogaster OX%3D7227);,NA,"Dbxref=Gene3D:G3DSA:2.60.120.920,InterPro:IPR006573,Pfam:PF07177,ProSiteProfiles:PS51065,SMART:SM00588;",E9QAM5
OLUR_00013322,Contig17969,3457,17423,"ID=OLUR_00013322;Name=OLUR_00013322;Alias=maker-Contig17969-snap-gene-0.4;Note=Similar to DNAJA1: DnaJ homolog subfamily A member 1 (Homo sapiens OX%3D9606);Dbxref=CDD:cd06257,CDD:cd10719,CDD:cd10747,Gene3D:G3DSA:1.10.287.110,Gene3D:G3DSA:2.10.230.10,Gene3D:G3DSA:2.60.260.20,Hamap:MF_01152,InterPro:IPR001305,InterPro:IPR001623,InterPro:IPR002939,InterPro:IPR008971,InterPro:IPR012724,InterPro:IPR018253,InterPro:IPR036410,InterPro:IPR036869,MobiDBLite:mobidb-lite,PRINTS:PR00625,Pfam:PF00226,Pfam:PF00684,Pfam:PF01556,ProSitePatterns:PS00636,ProSiteProfiles:PS50076,ProSiteProfiles:PS51188,SMART:SM00271,SUPERFAMILY:SSF46565,SUPERFAMILY:SSF49493,SUPERFAMILY:SSF57938;Ontology_term=GO:0005524,GO:0006457,GO:0009408,GO:0031072,GO:0051082;",0.002959285960789664,0.01829983523994434,ID=OLUR_00013322;,NA,Alias=maker-Contig17969-snap-gene-0.4;,NA,NA,Note=Similar to DNAJA1: DnaJ homolog subfamily A member 1 (Homo sapiens OX%3D9606);,"Ontology_term=GO:0005524,GO:0006457,GO:0009408,GO:0031072,GO:0051082;","Dbxref=CDD:cd06257,CDD:cd10719,CDD:cd10747,Gene3D:G3DSA:1.10.287.110,Gene3D:G3DSA:2.10.230.10,Gene3D:G3DSA:2.60.260.20,Hamap:MF_01152,InterPro:IPR001305,InterPro:IPR001623,InterPro:IPR002939,InterPro:IPR008971,InterPro:IPR012724,InterPro:IPR018253,InterPro:IPR036410,InterPro:IPR036869,MobiDBLite:mobidb-lite,PRINTS:PR00625,Pfam:PF00226,Pfam:PF00684,Pfam:PF01556,ProSitePatterns:PS00636,ProSiteProfiles:PS50076,ProSiteProfiles:PS51188,SMART:SM00271,SUPERFAMILY:SSF46565,SUPERFAMILY:SSF49493,SUPERFAMILY:SSF57938;",B7Z0W9
OLUR_00013709,Contig34342,4109,16952,ID=OLUR_00013709;Name=OLUR_00013709;Alias=maker-Contig34342-snap-gene-0.3;Note=Protein of unknown function;Dbxref=MobiDBLite:mobidb-lite;,1.3097060340546747e-8,3.859544984177458e-7,ID=OLUR_00013709;,NA,Alias=maker-Contig34342-snap-gene-0.3;,NA,NA,Note=Protein of unknown function;,NA,Dbxref=MobiDBLite:mobidb-lite;,Q59990
OLUR_00013842,Contig2674,8263,16407,ID=OLUR_00013842;Name=OLUR_00013842;Alias=maker-Contig2674-snap-gene-0.3;Note=Protein of unknown function;,0.007584735407239577,0.036626347666541686,ID=OLUR_00013842;,NA,Alias=maker-Contig2674-snap-gene-0.3;,NA,NA,Note=Protein of unknown function;,NA,NA,Q9CR48
OLUR_00014692,Contig26949,1,10303,ID=OLUR_00014692;Name=OLUR_00014692;Alias=maker-Contig26949-snap-gene-0.2;Note=Protein of unknown function;,8.064157365810334e-6,1.2067888409501735e-4,ID=OLUR_00014692;,NA,Alias=maker-Contig26949-snap-gene-0.2;,NA,NA,Note=Protein of unknown function;,NA,NA,Q80YG3
OLUR_00015016,Contig23590,1,15494,"ID=OLUR_00015016;Name=OLUR_00015016;Alias=maker-Contig23590-snap-gene-0.2;Note=Similar to MAM and LDL-receptor class A domain-containing protein 1 (Fragment) (Acropora millepora OX%3D45264);Dbxref=CDD:cd06263,Gene3D:G3DSA:2.60.120.200,InterPro:IPR000998,InterPro:IPR013320,MobiDBLite:mobidb-lite,PRINTS:PR00020,Pfam:PF00629,ProSitePatterns:PS00740,ProSiteProfiles:PS50060,SMART:SM00137,SUPERFAMILY:SSF49899;Ontology_term=GO:0016020;",1.4254026883044386e-7,3.303544310702135e-6,ID=OLUR_00015016;,NA,Alias=maker-Contig23590-snap-gene-0.2;,NA,NA,Note=Similar to MAM and LDL-receptor class A domain-containing protein 1 (Fragment) (Acropora millepora OX%3D45264);,Ontology_term=GO:0016020;,"Dbxref=CDD:cd06263,Gene3D:G3DSA:2.60.120.200,InterPro:IPR000998,InterPro:IPR013320,MobiDBLite:mobidb-lite,PRINTS:PR00020,Pfam:PF00629,ProSitePatterns:PS00740,ProSiteProfiles:PS50060,SMART:SM00137,SUPERFAMILY:SSF49899;",O08848
OLUR_00015090,Contig38661,1,15385,"ID=OLUR_00015090;Name=OLUR_00015090;Alias=snap_masked-Contig38661-processed-gene-0.2;Note=Protein of unknown function;Dbxref=Coils:Coil,MobiDBLite:mobidb-lite;",0.001236989102001292,0.009137339133824156,ID=OLUR_00015090;,NA,Alias=snap_masked-Contig38661-processed-gene-0.2;,NA,NA,Note=Protein of unknown function;,NA,"Dbxref=Coils:Coil,MobiDBLite:mobidb-lite;",Q63186
OLUR_00015117,Contig101333,3371,8675,"ID=OLUR_00015117;Name=OLUR_00015117;Alias=snap_masked-Contig101333-processed-gene-0.0;Note=Similar to Chrna7: Neuronal acetylcholine receptor subunit alpha-7 (Rattus norvegicus OX%3D10116);Dbxref=Gene3D:G3DSA:1.20.58.390,Gene3D:G3DSA:2.70.170.10,InterPro:IPR006029,InterPro:IPR006201,InterPro:IPR006202,InterPro:IPR018000,InterPro:IPR036719,InterPro:IPR036734,PRINTS:PR00252,Pfam:PF02931,Pfam:PF02932,ProSitePatterns:PS00236,SUPERFAMILY:SSF63712,SUPERFAMILY:SSF90112;Ontology_term=GO:0004888,GO:0005216,GO:0005230,GO:0006811,GO:0016021,GO:0034220;",0.0036860234762480597,0.021604638324371327,ID=OLUR_00015117;,NA,Alias=snap_masked-Contig101333-processed-gene-0.0;,NA,NA,Note=Similar to Chrna7: Neuronal acetylcholine receptor subunit alpha-7 (Rattus norvegicus OX%3D10116);,"Ontology_term=GO:0004888,GO:0005216,GO:0005230,GO:0006811,GO:0016021,GO:0034220;","Dbxref=Gene3D:G3DSA:1.20.58.390,Gene3D:G3DSA:2.70.170.10,InterPro:IPR006029,InterPro:IPR006201,InterPro:IPR006202,InterPro:IPR018000,InterPro:IPR036719,InterPro:IPR036734,PRINTS:PR00252,Pfam:PF02931,Pfam:PF02932,ProSitePatterns:PS00236,SUPERFAMILY:SSF63712,SUPERFAMILY:SSF90112;",P0DKY8
OLUR_00015833,Contig32108,3829,14676,"ID=OLUR_00015833;Name=OLUR_00015833;Alias=maker-Contig32108-snap-gene-0.3;Note=Protein of unknown function;Dbxref=InterPro:IPR029157,MobiDBLite:mobidb-lite,Pfam:PF15007;",1.3760210316457968e-4,0.0014920630699669724,ID=OLUR_00015833;,NA,Alias=maker-Contig32108-snap-gene-0.3;,NA,NA,Note=Protein of unknown function;,NA,"Dbxref=InterPro:IPR029157,MobiDBLite:mobidb-lite,Pfam:PF15007;",P11584
OLUR_00016097,Contig36118,930,14420,"ID=OLUR_00016097;Name=OLUR_00016097;Alias=maker-Contig36118-snap-gene-0.4;Note=Protein of unknown function;Dbxref=Coils:Coil,InterPro:IPR029136,MobiDBLite:mobidb-lite,Pfam:PF15501;Ontology_term=GO:0008017,GO:0046600;",8.601849420682068e-4,0.006968057990905049,ID=OLUR_00016097;,NA,Alias=maker-Contig36118-snap-gene-0.4;,NA,NA,Note=Protein of unknown function;,"Ontology_term=GO:0008017,GO:0046600;","Dbxref=Coils:Coil,InterPro:IPR029136,MobiDBLite:mobidb-lite,Pfam:PF15501;",P02469
OLUR_00016113,Contig53993,1,14403,"ID=OLUR_00016113;Name=OLUR_00016113;Alias=maker-Contig53993-snap-gene-0.2;Note=Similar to pyc-1: Pyruvate carboxylase 1 (Caenorhabditis elegans OX%3D6239);Dbxref=Gene3D:G3DSA:3.10.600.10,Gene3D:G3DSA:3.30.470.130,InterPro:IPR005479,InterPro:IPR005482,InterPro:IPR011054,InterPro:IPR011761,InterPro:IPR011764,Pfam:PF02785,Pfam:PF02786,ProSitePatterns:PS00867,ProSiteProfiles:PS50975,ProSiteProfiles:PS50979,SMART:SM00878,SUPERFAMILY:SSF51246,SUPERFAMILY:SSF56059;Ontology_term=GO:0005524,GO:0046872;",6.920395079737209e-7,1.455802746487761e-5,ID=OLUR_00016113;,NA,Alias=maker-Contig53993-snap-gene-0.2;,NA,NA,Note=Similar to pyc-1: Pyruvate carboxylase 1 (Caenorhabditis elegans OX%3D6239);,"Ontology_term=GO:0005524,GO:0046872;","Dbxref=Gene3D:G3DSA:3.10.600.10,Gene3D:G3DSA:3.30.470.130,InterPro:IPR005479,InterPro:IPR005482,InterPro:IPR011054,InterPro:IPR011761,InterPro:IPR011764,Pfam:PF02785,Pfam:PF02786,ProSitePatterns:PS00867,ProSiteProfiles:PS50975,ProSiteProfiles:PS50979,SMART:SM00878,SUPERFAMILY:SSF51246,SUPERFAMILY:SSF56059;",Q9T0F4
OLUR_00016223,Contig46585,9147,14299,"ID=OLUR_00016223;Name=OLUR_00016223;Alias=maker-Contig46585-snap-gene-0.4;Note=Similar to LDAH: Lipid droplet-associated hydrolase (Gallus gallus OX%3D9031);Dbxref=Gene3D:G3DSA:3.40.50.1820,InterPro:IPR019363,InterPro:IPR029058,Pfam:PF10230,SUPERFAMILY:SSF53474;",1.1212640402968142e-5,1.6656279504023475e-4,ID=OLUR_00016223;,NA,Alias=maker-Contig46585-snap-gene-0.4;,NA,NA,Note=Similar to LDAH: Lipid droplet-associated hydrolase (Gallus gallus OX%3D9031);,NA,"Dbxref=Gene3D:G3DSA:3.40.50.1820,InterPro:IPR019363,InterPro:IPR029058,Pfam:PF10230,SUPERFAMILY:SSF53474;",A6NL82
OLUR_00016224,Contig41684,6776,14299,"ID=OLUR_00016224;Name=OLUR_00016224;Alias=maker-Contig41684-snap-gene-0.1;Note=Similar to Klhl24: Kelch-like protein 24 (Rattus norvegicus OX%3D10116);Dbxref=CDD:cd14735,Gene3D:G3DSA:1.25.40.420,Gene3D:G3DSA:2.120.10.80,Gene3D:G3DSA:3.30.710.10,InterPro:IPR000210,InterPro:IPR006652,InterPro:IPR011333,InterPro:IPR011705,InterPro:IPR015915,Pfam:PF00651,Pfam:PF01344,Pfam:PF07707,SMART:SM00612,SMART:SM00875,SUPERFAMILY:SSF117281,SUPERFAMILY:SSF54695;Ontology_term=GO:0005515;",4.8788613754639725e-8,1.2875259456913652e-6,ID=OLUR_00016224;,NA,Alias=maker-Contig41684-snap-gene-0.1;,NA,NA,Note=Similar to Klhl24: Kelch-like protein 24 (Rattus norvegicus OX%3D10116);,Ontology_term=GO:0005515;,"Dbxref=CDD:cd14735,Gene3D:G3DSA:1.25.40.420,Gene3D:G3DSA:2.120.10.80,Gene3D:G3DSA:3.30.710.10,InterPro:IPR000210,InterPro:IPR006652,InterPro:IPR011333,InterPro:IPR011705,InterPro:IPR015915,Pfam:PF00651,Pfam:PF01344,Pfam:PF07707,SMART:SM00612,SMART:SM00875,SUPERFAMILY:SSF117281,SUPERFAMILY:SSF54695;",Q99848
OLUR_00016887,Contig31893,1,13654,"ID=OLUR_00016887;Name=OLUR_00016887;Alias=maker-Contig31893-snap-gene-0.2;Note=Similar to Parp14: Poly [ADP-ribose] polymerase 14 (Mus musculus OX%3D10090);Dbxref=Coils:Coil,Gene3D:G3DSA:3.30.70.330,Gene3D:G3DSA:3.30.720.50,Gene3D:G3DSA:3.40.220.10,Gene3D:G3DSA:3.90.228.10,InterPro:IPR002589,InterPro:IPR012677,InterPro:IPR037197,MobiDBLite:mobidb-lite,Pfam:PF01661,ProSiteProfiles:PS51154,SMART:SM00506,SUPERFAMILY:SSF52949;",4.787146766566334e-5,5.69005681430886e-4,ID=OLUR_00016887;,NA,Alias=maker-Contig31893-snap-gene-0.2;,NA,NA,Note=Similar to Parp14: Poly [ADP-ribose] polymerase 14 (Mus musculus OX%3D10090);,NA,"Dbxref=Coils:Coil,Gene3D:G3DSA:3.30.70.330,Gene3D:G3DSA:3.30.720.50,Gene3D:G3DSA:3.40.220.10,Gene3D:G3DSA:3.90.228.10,InterPro:IPR002589,InterPro:IPR012677,InterPro:IPR037197,MobiDBLite:mobidb-lite,Pfam:PF01661,ProSiteProfiles:PS51154,SMART:SM00506,SUPERFAMILY:SSF52949;",G3V801
OLUR_00017258,Contig31211,1,7010,ID=OLUR_00017258;Name=OLUR_00017258;Alias=maker-Contig31211-snap-gene-0.3;Note=Protein of unknown function;,3.9932371198640424e-7,8.647737200540913e-6,ID=OLUR_00017258;,NA,Alias=maker-Contig31211-snap-gene-0.3;,NA,NA,Note=Protein of unknown function;,NA,NA,Q9JHS3
OLUR_00017476,Contig6557,7290,13085,"ID=OLUR_00017476;Name=OLUR_00017476;Alias=maker-Contig6557-snap-gene-0.2;Note=Similar to Huwe1: E3 ubiquitin-protein ligase HUWE1 (Mus musculus OX%3D10090);Dbxref=InterPro:IPR010314,MobiDBLite:mobidb-lite,Pfam:PF06025;",8.24143746039633e-4,0.006716460140898309,ID=OLUR_00017476;,NA,Alias=maker-Contig6557-snap-gene-0.2;,NA,NA,Note=Similar to Huwe1: E3 ubiquitin-protein ligase HUWE1 (Mus musculus OX%3D10090);,NA,"Dbxref=InterPro:IPR010314,MobiDBLite:mobidb-lite,Pfam:PF06025;",Q9ES30
OLUR_00017477,Contig6557,9745,13085,ID=OLUR_00017477;Name=OLUR_00017477;Alias=maker-Contig6557-snap-gene-0.3;Note=Similar to HUWE1: E3 ubiquitin-protein ligase HUWE1 (Homo sapiens OX%3D9606);Dbxref=MobiDBLite:mobidb-lite;,5.0669287636281694e-5,5.996174587360124e-4,ID=OLUR_00017477;,NA,Alias=maker-Contig6557-snap-gene-0.3;,NA,NA,Note=Similar to HUWE1: E3 ubiquitin-protein ligase HUWE1 (Homo sapiens OX%3D9606);,NA,Dbxref=MobiDBLite:mobidb-lite;,Q5XGW6
OLUR_00018277,Contig16849,3430,10727,"ID=OLUR_00018277;Name=OLUR_00018277;Alias=maker-Contig16849-snap-gene-0.4;Note=Similar to MAM and LDL-receptor class A domain-containing protein 2 (Fragment) (Acropora millepora OX%3D45264);Dbxref=CDD:cd00112,CDD:cd06263,Gene3D:G3DSA:2.60.120.200,Gene3D:G3DSA:4.10.400.10,InterPro:IPR000998,InterPro:IPR002172,InterPro:IPR013320,InterPro:IPR023415,InterPro:IPR036055,PRINTS:PR00261,Pfam:PF00057,Pfam:PF00629,ProSitePatterns:PS01209,ProSiteProfiles:PS50060,ProSiteProfiles:PS50068,ProSiteProfiles:PS51257,SMART:SM00137,SMART:SM00192,SUPERFAMILY:SSF49899,SUPERFAMILY:SSF57424;Ontology_term=GO:0005515,GO:0016020;",0.00113206895001889,0.008466703377002118,ID=OLUR_00018277;,NA,Alias=maker-Contig16849-snap-gene-0.4;,NA,NA,Note=Similar to MAM and LDL-receptor class A domain-containing protein 2 (Fragment) (Acropora millepora OX%3D45264);,"Ontology_term=GO:0005515,GO:0016020;","Dbxref=CDD:cd00112,CDD:cd06263,Gene3D:G3DSA:2.60.120.200,Gene3D:G3DSA:4.10.400.10,InterPro:IPR000998,InterPro:IPR002172,InterPro:IPR013320,InterPro:IPR023415,InterPro:IPR036055,PRINTS:PR00261,Pfam:PF00057,Pfam:PF00629,ProSitePatterns:PS01209,ProSiteProfiles:PS50060,ProSiteProfiles:PS50068,ProSiteProfiles:PS51257,SMART:SM00137,SMART:SM00192,SUPERFAMILY:SSF49899,SUPERFAMILY:SSF57424;",P59222
OLUR_00018278,Contig16849,6810,11100,"ID=OLUR_00018278;Name=OLUR_00018278;Alias=snap_masked-Contig16849-processed-gene-0.1;Note=Similar to MAM and LDL-receptor class A domain-containing protein 2 (Fragment) (Acropora millepora OX%3D45264);Dbxref=CDD:cd06263,Gene3D:G3DSA:2.60.120.200,InterPro:IPR000998,InterPro:IPR013320,Pfam:PF00629,ProSiteProfiles:PS50060,SUPERFAMILY:SSF49899;Ontology_term=GO:0016020;",0.009390788435396745,0.04347355263974603,ID=OLUR_00018278;,NA,Alias=snap_masked-Contig16849-processed-gene-0.1;,NA,NA,Note=Similar to MAM and LDL-receptor class A domain-containing protein 2 (Fragment) (Acropora millepora OX%3D45264);,Ontology_term=GO:0016020;,"Dbxref=CDD:cd06263,Gene3D:G3DSA:2.60.120.200,InterPro:IPR000998,InterPro:IPR013320,Pfam:PF00629,ProSiteProfiles:PS50060,SUPERFAMILY:SSF49899;",Q8K2L8
OLUR_00018757,Contig51066,1,10551,"ID=OLUR_00018757;Name=OLUR_00018757;Alias=maker-Contig51066-snap-gene-0.2;Note=Similar to Hbs1l: HBS1-like protein (Mus musculus OX%3D10090);Dbxref=Gene3D:G3DSA:2.40.30.10,Gene3D:G3DSA:3.40.50.300,InterPro:IPR000795,InterPro:IPR004160,InterPro:IPR009001,InterPro:IPR027417,Pfam:PF00009,Pfam:PF03143,SUPERFAMILY:SSF50465,SUPERFAMILY:SSF52540;Ontology_term=GO:0003924,GO:0005525;",0.004087012053110483,0.023638038606781653,ID=OLUR_00018757;,NA,Alias=maker-Contig51066-snap-gene-0.2;,NA,NA,Note=Similar to Hbs1l: HBS1-like protein (Mus musculus OX%3D10090);,"Ontology_term=GO:0003924,GO:0005525;","Dbxref=Gene3D:G3DSA:2.40.30.10,Gene3D:G3DSA:3.40.50.300,InterPro:IPR000795,InterPro:IPR004160,InterPro:IPR009001,InterPro:IPR027417,Pfam:PF00009,Pfam:PF03143,SUPERFAMILY:SSF50465,SUPERFAMILY:SSF52540;",Q3SWY8
OLUR_00019004,Contig22933,1,11491,ID=OLUR_00019004;Name=OLUR_00019004;Alias=maker-Contig22933-snap-gene-0.2;Note=Similar to Flo1: Flotillin-1 (Drosophila melanogaster OX%3D7227);Dbxref=Coils:Coil;,0.0048303666274992964,0.026641950539739556,ID=OLUR_00019004;,NA,Alias=maker-Contig22933-snap-gene-0.2;,NA,NA,Note=Similar to Flo1: Flotillin-1 (Drosophila melanogaster OX%3D7227);,NA,Dbxref=Coils:Coil;,P83425
OLUR_00019214,Contig60274,1046,11550,"ID=OLUR_00019214;Name=OLUR_00019214;Alias=maker-Contig60274-snap-gene-0.1;Note=Similar to RNF169: E3 ubiquitin-protein ligase RNF169 (Bos taurus OX%3D9913);Dbxref=Coils:Coil,MobiDBLite:mobidb-lite;",9.817664222746847e-12,4.698827045306975e-10,ID=OLUR_00019214;,NA,Alias=maker-Contig60274-snap-gene-0.1;,NA,NA,Note=Similar to RNF169: E3 ubiquitin-protein ligase RNF169 (Bos taurus OX%3D9913);,NA,"Dbxref=Coils:Coil,MobiDBLite:mobidb-lite;",Q5K651
OLUR_00019280,Contig29159,1,6137,ID=OLUR_00019280;Name=OLUR_00019280;Alias=snap_masked-Contig29159-processed-gene-0.0;Note=Protein of unknown function;Dbxref=MobiDBLite:mobidb-lite;,0.0015581737394174627,0.010983257770177035,ID=OLUR_00019280;,NA,Alias=snap_masked-Contig29159-processed-gene-0.0;,NA,NA,Note=Protein of unknown function;,NA,Dbxref=MobiDBLite:mobidb-lite;,A2BGM5
OLUR_00020217,Contig70587,1,10087,ID=OLUR_00020217;Name=OLUR_00020217;Alias=maker-Contig70587-snap-gene-0.1;Note=Protein of unknown function;Dbxref=MobiDBLite:mobidb-lite;,6.68321061642048e-5,7.619048494843842e-4,ID=OLUR_00020217;,NA,Alias=maker-Contig70587-snap-gene-0.1;,NA,NA,Note=Protein of unknown function;,NA,Dbxref=MobiDBLite:mobidb-lite;,P12804
OLUR_00020389,Contig2935,440,10573,"ID=OLUR_00020389;Name=OLUR_00020389;Alias=maker-Contig2935-snap-gene-0.1;Note=Protein of unknown function;Dbxref=InterPro:IPR002557,InterPro:IPR009030,InterPro:IPR011641,ProSiteProfiles:PS50940,SMART:SM01411,SUPERFAMILY:SSF57184;Ontology_term=GO:0005576,GO:0006030,GO:0008061;",5.655422296110483e-5,6.479303575366804e-4,ID=OLUR_00020389;,NA,Alias=maker-Contig2935-snap-gene-0.1;,NA,NA,Note=Protein of unknown function;,"Ontology_term=GO:0005576,GO:0006030,GO:0008061;","Dbxref=InterPro:IPR002557,InterPro:IPR009030,InterPro:IPR011641,ProSiteProfiles:PS50940,SMART:SM01411,SUPERFAMILY:SSF57184;",M0ZYF3
OLUR_00020709,Contig54745,1,10298,"ID=OLUR_00020709;Name=OLUR_00020709;Alias=snap_masked-Contig54745-processed-gene-0.0;Note=Similar to ZNF236: Zinc finger protein 236 (Homo sapiens OX%3D9606);Dbxref=Gene3D:G3DSA:3.30.160.60,InterPro:IPR013087,InterPro:IPR036236,MobiDBLite:mobidb-lite,ProSitePatterns:PS00028,ProSiteProfiles:PS50157,SMART:SM00355,SUPERFAMILY:SSF57667;Ontology_term=GO:0003676;",4.161534349975904e-5,5.13901841065345e-4,ID=OLUR_00020709;,NA,Alias=snap_masked-Contig54745-processed-gene-0.0;,NA,NA,Note=Similar to ZNF236: Zinc finger protein 236 (Homo sapiens OX%3D9606);,Ontology_term=GO:0003676;,"Dbxref=Gene3D:G3DSA:3.30.160.60,InterPro:IPR013087,InterPro:IPR036236,MobiDBLite:mobidb-lite,ProSitePatterns:PS00028,ProSiteProfiles:PS50157,SMART:SM00355,SUPERFAMILY:SSF57667;",H2A0M7
OLUR_00020878,Contig51440,1,10152,"ID=OLUR_00020878;Name=OLUR_00020878;Alias=maker-Contig51440-snap-gene-0.2;Note=Similar to FH20: Formin-like protein 20 (Arabidopsis thaliana OX%3D3702);Dbxref=Coils:Coil,Gene3D:G3DSA:1.20.58.2220,InterPro:IPR015425,MobiDBLite:mobidb-lite,Pfam:PF02181,ProSiteProfiles:PS51444,SUPERFAMILY:SSF101447;",0.0022548977268605,0.014469448840706983,ID=OLUR_00020878;,NA,Alias=maker-Contig51440-snap-gene-0.2;,NA,NA,Note=Similar to FH20: Formin-like protein 20 (Arabidopsis thaliana OX%3D3702);,NA,"Dbxref=Coils:Coil,Gene3D:G3DSA:1.20.58.2220,InterPro:IPR015425,MobiDBLite:mobidb-lite,Pfam:PF02181,ProSiteProfiles:PS51444,SUPERFAMILY:SSF101447;",Q96KE9
OLUR_00020970,Contig74113,1,5718,"ID=OLUR_00020970;Name=OLUR_00020970;Alias=maker-Contig74113-snap-gene-0.2;Note=Similar to GOLGA1: Golgin subfamily A member 1 (Homo sapiens OX%3D9606);Dbxref=Coils:Coil,InterPro:IPR000237,Pfam:PF01465,ProSiteProfiles:PS50913,SMART:SM00755,SUPERFAMILY:SSF90257;",0.010587421123196467,0.04761621772679934,ID=OLUR_00020970;,NA,Alias=maker-Contig74113-snap-gene-0.2;,NA,NA,Note=Similar to GOLGA1: Golgin subfamily A member 1 (Homo sapiens OX%3D9606);,NA,"Dbxref=Coils:Coil,InterPro:IPR000237,Pfam:PF01465,ProSiteProfiles:PS50913,SMART:SM00755,SUPERFAMILY:SSF90257;",Q9XWB9
OLUR_00021005,Contig17839,1,10038,"ID=OLUR_00021005;Name=OLUR_00021005;Alias=maker-Contig17839-snap-gene-0.1;Note=Similar to HNRNPUL1: Heterogeneous nuclear ribonucleoprotein U-like protein 1 (Homo sapiens OX%3D9606);Dbxref=Coils:Coil,Gene3D:G3DSA:3.40.50.300,InterPro:IPR027417,MobiDBLite:mobidb-lite,Pfam:PF13671,SUPERFAMILY:SSF52540;",0.0025794697922805502,0.016434849480000967,ID=OLUR_00021005;,NA,Alias=maker-Contig17839-snap-gene-0.1;,NA,NA,Note=Similar to HNRNPUL1: Heterogeneous nuclear ribonucleoprotein U-like protein 1 (Homo sapiens OX%3D9606);,NA,"Dbxref=Coils:Coil,Gene3D:G3DSA:3.40.50.300,InterPro:IPR027417,MobiDBLite:mobidb-lite,Pfam:PF13671,SUPERFAMILY:SSF52540;",Q8TCT0
OLUR_00021262,Contig58063,1,3624,"ID=OLUR_00021262;Name=OLUR_00021262;Alias=snap_masked-Contig58063-processed-gene-0.0;Note=Similar to C7orf26: Uncharacterized protein C7orf26 (Homo sapiens OX%3D9606);Dbxref=InterPro:IPR027844,Pfam:PF14964;",1.3761254252276213e-4,0.0014920630699669724,ID=OLUR_00021262;,NA,Alias=snap_masked-Contig58063-processed-gene-0.0;,NA,NA,Note=Similar to C7orf26: Uncharacterized protein C7orf26 (Homo sapiens OX%3D9606);,NA,"Dbxref=InterPro:IPR027844,Pfam:PF14964;",Q9W6V5
OLUR_00021266,Contig21345,1,8595,"ID=OLUR_00021266;Name=OLUR_00021266;Alias=maker-Contig21345-snap-gene-0.2;Note=Similar to Epha2: Ephrin type-A receptor 2 (Mus musculus OX%3D10090);Dbxref=Gene3D:G3DSA:1.10.510.10,InterPro:IPR000719,InterPro:IPR001245,InterPro:IPR011009,Pfam:PF07714,ProSiteProfiles:PS50011,SUPERFAMILY:SSF56112;Ontology_term=GO:0004672,GO:0005524,GO:0006468;",2.942359153050368e-4,0.0028332466677914166,ID=OLUR_00021266;,NA,Alias=maker-Contig21345-snap-gene-0.2;,NA,NA,Note=Similar to Epha2: Ephrin type-A receptor 2 (Mus musculus OX%3D10090);,"Ontology_term=GO:0004672,GO:0005524,GO:0006468;","Dbxref=Gene3D:G3DSA:1.10.510.10,InterPro:IPR000719,InterPro:IPR001245,InterPro:IPR011009,Pfam:PF07714,ProSiteProfiles:PS50011,SUPERFAMILY:SSF56112;",Q9HAY6
OLUR_00021955,Contig25389,135,9305,ID=OLUR_00021955;Name=OLUR_00021955;Alias=maker-Contig25389-snap-gene-0.3;Note=Protein of unknown function;Dbxref=MobiDBLite:mobidb-lite;,9.383543301208471e-4,0.007411991210139132,ID=OLUR_00021955;,NA,Alias=maker-Contig25389-snap-gene-0.3;,NA,NA,Note=Protein of unknown function;,NA,Dbxref=MobiDBLite:mobidb-lite;,V5NAL9
OLUR_00022806,Contig37183,1,8654,ID=OLUR_00022806;Name=OLUR_00022806;Alias=maker-Contig37183-snap-gene-0.2;Note=Protein of unknown function;,1.0042576909904876e-9,3.634424310325083e-8,ID=OLUR_00022806;,NA,Alias=maker-Contig37183-snap-gene-0.2;,NA,NA,Note=Protein of unknown function;,NA,NA,Q2PZL6
OLUR_00023104,Contig68197,1,8446,"ID=OLUR_00023104;Name=OLUR_00023104;Alias=snap_masked-Contig68197-processed-gene-0.0;Note=Similar to ptp-1: Tyrosine-protein phosphatase 1 (Caenorhabditis elegans OX%3D6239);Dbxref=CDD:cd00047,Gene3D:G3DSA:3.90.190.10,InterPro:IPR000242,InterPro:IPR029021,PRINTS:PR00700,Pfam:PF00102,ProSiteProfiles:PS50055,SMART:SM00194,SUPERFAMILY:SSF52799;Ontology_term=GO:0004725,GO:0006470;",0.005385427963868497,0.028582699531332245,ID=OLUR_00023104;,NA,Alias=snap_masked-Contig68197-processed-gene-0.0;,NA,NA,Note=Similar to ptp-1: Tyrosine-protein phosphatase 1 (Caenorhabditis elegans OX%3D6239);,"Ontology_term=GO:0004725,GO:0006470;","Dbxref=CDD:cd00047,Gene3D:G3DSA:3.90.190.10,InterPro:IPR000242,InterPro:IPR029021,PRINTS:PR00700,Pfam:PF00102,ProSiteProfiles:PS50055,SMART:SM00194,SUPERFAMILY:SSF52799;",Q92180
OLUR_00023183,Contig16846,1,8383,"ID=OLUR_00023183;Name=OLUR_00023183;Alias=maker-Contig16846-snap-gene-0.2;Note=Similar to MAM and LDL-receptor class A domain-containing protein 2 (Fragment) (Acropora millepora OX%3D45264);Dbxref=CDD:cd00112,CDD:cd06263,Gene3D:G3DSA:2.60.120.200,Gene3D:G3DSA:4.10.400.10,InterPro:IPR000998,InterPro:IPR002172,InterPro:IPR013320,InterPro:IPR023415,InterPro:IPR036055,MobiDBLite:mobidb-lite,PRINTS:PR00261,Pfam:PF00057,Pfam:PF00629,ProSitePatterns:PS01209,ProSiteProfiles:PS50060,ProSiteProfiles:PS50068,SMART:SM00137,SMART:SM00192,SUPERFAMILY:SSF49899,SUPERFAMILY:SSF57424;Ontology_term=GO:0005515,GO:0016020;",7.378904908836436e-20,1.2434223407317398e-17,ID=OLUR_00023183;,NA,Alias=maker-Contig16846-snap-gene-0.2;,NA,NA,Note=Similar to MAM and LDL-receptor class A domain-containing protein 2 (Fragment) (Acropora millepora OX%3D45264);,"Ontology_term=GO:0005515,GO:0016020;","Dbxref=CDD:cd00112,CDD:cd06263,Gene3D:G3DSA:2.60.120.200,Gene3D:G3DSA:4.10.400.10,InterPro:IPR000998,InterPro:IPR002172,InterPro:IPR013320,InterPro:IPR023415,InterPro:IPR036055,MobiDBLite:mobidb-lite,PRINTS:PR00261,Pfam:PF00057,Pfam:PF00629,ProSitePatterns:PS01209,ProSiteProfiles:PS50060,ProSiteProfiles:PS50068,SMART:SM00137,SMART:SM00192,SUPERFAMILY:SSF49899,SUPERFAMILY:SSF57424;",O95841
OLUR_00023601,Contig22092,2223,8076,"ID=OLUR_00023601;Name=OLUR_00023601;Alias=maker-Contig22092-snap-gene-0.2;Note=Similar to ZNF836: Zinc finger protein 836 (Homo sapiens OX%3D9606);Dbxref=Gene3D:G3DSA:3.30.160.60,InterPro:IPR013087,InterPro:IPR036236,Pfam:PF00096,ProSitePatterns:PS00028,ProSiteProfiles:PS50157,SMART:SM00355,SUPERFAMILY:SSF57667;Ontology_term=GO:0003676;",0.0010406595925448283,0.008028016322650303,ID=OLUR_00023601;,NA,Alias=maker-Contig22092-snap-gene-0.2;,NA,NA,Note=Similar to ZNF836: Zinc finger protein 836 (Homo sapiens OX%3D9606);,Ontology_term=GO:0003676;,"Dbxref=Gene3D:G3DSA:3.30.160.60,InterPro:IPR013087,InterPro:IPR036236,Pfam:PF00096,ProSitePatterns:PS00028,ProSiteProfiles:PS50157,SMART:SM00355,SUPERFAMILY:SSF57667;",Q9Y5X5
OLUR_00023704,Contig75783,317,6177,"ID=OLUR_00023704;Name=OLUR_00023704;Alias=snap_masked-Contig75783-processed-gene-0.0;Note=Similar to FCP1: RNA polymerase II subunit A C-terminal domain phosphatase (Saccharomyces cerevisiae (strain ATCC 204508 / S288c) OX%3D559292);Dbxref=CDD:cd00027,Coils:Coil,Gene3D:G3DSA:3.40.50.1000,Gene3D:G3DSA:3.40.50.10190,InterPro:IPR001357,InterPro:IPR023214,InterPro:IPR036420,MobiDBLite:mobidb-lite,ProSiteProfiles:PS50172,SMART:SM00292,SUPERFAMILY:SSF52113;",9.207889948888783e-4,0.007345471264292318,ID=OLUR_00023704;,NA,Alias=snap_masked-Contig75783-processed-gene-0.0;,NA,NA,Note=Similar to FCP1: RNA polymerase II subunit A C-terminal domain phosphatase (Saccharomyces cerevisiae (strain ATCC 204508 / S288c) OX%3D559292);,NA,"Dbxref=CDD:cd00027,Coils:Coil,Gene3D:G3DSA:3.40.50.1000,Gene3D:G3DSA:3.40.50.10190,InterPro:IPR001357,InterPro:IPR023214,InterPro:IPR036420,MobiDBLite:mobidb-lite,ProSiteProfiles:PS50172,SMART:SM00292,SUPERFAMILY:SSF52113;",P83425
OLUR_00024102,Contig84005,403,7722,"ID=OLUR_00024102;Name=OLUR_00024102;Alias=snap_masked-Contig84005-processed-gene-0.0;Note=Similar to BRD7: Bromodomain-containing protein 7 (Gallus gallus OX%3D9031);Dbxref=Coils:Coil,InterPro:IPR021900,MobiDBLite:mobidb-lite,Pfam:PF12024;",2.9180726649088538e-5,3.8566716911953047e-4,ID=OLUR_00024102;,NA,Alias=snap_masked-Contig84005-processed-gene-0.0;,NA,NA,Note=Similar to BRD7: Bromodomain-containing protein 7 (Gallus gallus OX%3D9031);,NA,"Dbxref=Coils:Coil,InterPro:IPR021900,MobiDBLite:mobidb-lite,Pfam:PF12024;",Q8K482
OLUR_00024106,Contig63171,1,7720,"ID=OLUR_00024106;Name=OLUR_00024106;Alias=maker-Contig63171-snap-gene-0.3;Note=Similar to Ttn: Titin (Mus musculus OX%3D10090);Dbxref=CDD:cd00063,Coils:Coil,Gene3D:G3DSA:2.60.40.10,InterPro:IPR003961,InterPro:IPR013783,InterPro:IPR036116,MobiDBLite:mobidb-lite,ProSiteProfiles:PS50853,SMART:SM00060,SUPERFAMILY:SSF49265;Ontology_term=GO:0005515;",2.7008672033699025e-4,0.0027020364099514483,ID=OLUR_00024106;,NA,Alias=maker-Contig63171-snap-gene-0.3;,NA,NA,Note=Similar to Ttn: Titin (Mus musculus OX%3D10090);,Ontology_term=GO:0005515;,"Dbxref=CDD:cd00063,Coils:Coil,Gene3D:G3DSA:2.60.40.10,InterPro:IPR003961,InterPro:IPR013783,InterPro:IPR036116,MobiDBLite:mobidb-lite,ProSiteProfiles:PS50853,SMART:SM00060,SUPERFAMILY:SSF49265;",Q80T91
